<?xml version="1.0" encoding="utf-8"?>
<COLLADA xmlns="http://www.collada.org/2005/11/COLLADASchema" version="1.4.1" xmlns:xsi="http://www.w3.org/2001/XMLSchema-instance">
  <asset>
    <contributor>
      <author>Blender User</author>
      <authoring_tool>Blender 2.82.7</authoring_tool>
    </contributor>
    <created>2024-01-25T15:50:34</created>
    <modified>2024-01-25T15:50:34</modified>
    <unit name="meter" meter="1"/>
    <up_axis>Z_UP</up_axis>
  </asset>
  <library_effects>
    <effect id="Rohr_006-effect">
      <profile_COMMON>
        <technique sid="common">
          <lambert>
            <emission>
              <color sid="emission">0 0 0 1</color>
            </emission>
            <diffuse>
              <color sid="diffuse">0.5248 0.5248 0.5248 1</color>
            </diffuse>
            <index_of_refraction>
              <float sid="ior">1</float>
            </index_of_refraction>
          </lambert>
        </technique>
      </profile_COMMON>
    </effect>
    <effect id="Scheibe-effect">
      <profile_COMMON>
        <technique sid="common">
          <lambert>
            <emission>
              <color sid="emission">0 0 0 1</color>
            </emission>
            <diffuse>
              <color sid="diffuse">0.064 0.064 0.064 1</color>
            </diffuse>
            <index_of_refraction>
              <float sid="ior">1</float>
            </index_of_refraction>
          </lambert>
        </technique>
      </profile_COMMON>
    </effect>
  </library_effects>
  <library_images/>
  <library_materials>
    <material id="Rohr_006-material" name="Rohr.006">
      <instance_effect url="#Rohr_006-effect"/>
    </material>
    <material id="Scheibe-material" name="Scheibe">
      <instance_effect url="#Scheibe-effect"/>
    </material>
  </library_materials>
  <library_geometries>
    <geometry id="ActorShape0_0-Mesh_021-mesh" name="ActorShape0_0-Mesh.021">
      <mesh>
        <source id="ActorShape0_0-Mesh_021-mesh-positions">
          <float_array id="ActorShape0_0-Mesh_021-mesh-positions-array" count="2880">0.004459857 0.1099999 0.002924919 -0.004974365 0.11 0.00416702 -0.00514996 0.11 0.005499899 -0.002574861 0.11 0.009959936 -0.001332819 0.1099999 0.01047444 0.004459857 0.1099999 0.008074998 0 0.11 0.0106498 -0.004459977 0.1099999 0.008074939 0.004974424 0.11 0.006832838 0.0051499 0.11 0.005499899 0.003641486 0.11 0.001858294 0.002574861 0.11 0.001039922 0.001332759 0.1099999 5.25483e-4 -0.003641486 0.11 0.009141504 -0.004974365 0.11 0.006832838 0.004974424 0.11 0.00416702 0.001332759 0.1099999 0.0104745 0.002574861 0.11 0.009959995 0.003641486 0.11 0.009141564 0 0.11 3.5e-4 -0.001332819 0.1099999 5.25481e-4 -0.004459977 0.1099999 0.002924919 -0.002574861 0.11 0.001039803 -0.003641486 0.11 0.001858294 -0.05528235 -0.0175457 0.02099967 -0.05237805 -0.02490997 0.02099967 0.05796605 0.001980066 0.02099972 -0.0175457 -0.05528235 0.02099967 -0.009854674 -0.05715656 0.02099967 -0.001980066 -0.05796605 0.02099967 0.005931258 -0.0576958 0.02099967 0.01373225 -0.05635058 0.02099972 0.05237799 0.02490997 0.02099972 -0.05796611 -0.001980066 0.02099967 0.05528235 0.0175457 0.02099972 0.05715656 0.009854733 0.02099972 0.04849845 0.03181016 0.02099972 0.04371505 0.03811764 0.02099972 0.03811752 0.04371505 0.02099972 0.0175457 0.05528235 0.02099972 0.009854614 0.05715656 0.02099972 0.001980066 0.05796605 0.02099967 -0.005931258 0.0576958 0.02099967 -0.05715656 -0.009854733 0.02099967 -0.04849851 -0.03181016 0.02099967 -0.04371511 -0.03811764 0.02099967 -0.03811758 -0.04371505 0.02099967 0.03181004 0.04849845 0.02099972 0.02490997 0.05237799 0.02099972 0.02127736 -0.05395609 0.02099972 0.02842617 -0.05055624 0.02099972 0.03504568 -0.04621464 0.02099972 0.04101186 -0.04101192 0.02099972 0.04621458 -0.03504562 0.02099972 0.05055624 -0.02842617 0.02099972 0.05395603 -0.0212773 0.02099972 0.05635058 -0.01373219 0.02099972 0.0576958 -0.005931138 0.02099972 -0.02842617 0.05055624 0.02099967 -0.03504568 0.04621464 0.02099967 -0.02127736 0.05395609 0.02099967 -0.04101186 0.04101192 0.02099967 -0.04621464 0.03504562 0.02099967 -0.01373231 0.05635058 0.02099967 -0.0576958 0.005931138 0.02099967 -0.05635058 0.01373219 0.02099967 -0.0318101 -0.04849845 0.02099967 -0.02491003 -0.05237799 0.02099967 -0.05055624 0.02842617 0.02099967 -0.05395609 0.0212773 0.02099967 -0.05653584 0.007999837 0.004999876 -0.05717146 0.007171332 0.004999876 -0.06103491 0.01386356 0.004999876 -0.05896461 0.01386356 0.004999876 -0.05799973 0.01346391 0.004999876 -0.05717146 0.01282835 0.004999876 -0.05653584 0.01199984 0.004999876 -0.05613625 0.01103514 0.004999876 -0.05799973 0.006535708 0.004999876 -0.05896461 0.006136178 0.004999876 -0.06199973 0.01346397 0.004999876 -0.06282836 0.007171332 0.004999876 -0.06346398 0.007999837 0.004999876 -0.05599993 0.009999811 0.004999876 -0.05613619 0.008964598 0.004999876 -0.05999994 0.005999863 0.004999876 -0.06103497 0.006136178 0.004999876 -0.06199967 0.006535708 0.004999876 -0.06386363 0.008964598 0.004999876 -0.06399989 0.009999871 0.004999876 -0.06386363 0.01103514 0.004999876 -0.05999994 0.01399976 0.004999876 -0.06346404 0.0119999 0.004999876 -0.06282836 0.01282835 0.004999876 0.05699992 0.01346403 0.004999995 0.05899971 0.005999863 0.004999995 0.05796462 0.006136119 0.004999995 0.06299996 0.01346403 0.004999995 0.06382834 0.01282835 0.004999995 0.06099987 0.005999982 0.004999995 0.06203526 0.01386368 0.004999995 0.06486362 0.01103526 0.004999995 0.06382834 0.007171452 0.004999995 0.06299996 0.006535828 0.004999995 0.05796468 0.01386368 0.004999995 0.05899965 0.01399976 0.004999995 0.06099987 0.01399976 0.004999995 0.06499993 0.00999999 0.004999995 0.06486362 0.008964657 0.004999995 0.06446403 0.007999956 0.004999995 0.06446403 0.01199996 0.004999995 0.0620352 0.006136119 0.004999995 0.05617123 0.007171452 0.004999995 0.05513626 0.0110352 0.004999995 0.05553579 0.01199996 0.004999995 0.05553579 0.007999956 0.004999995 0.0551362 0.008964657 0.004999995 0.05499964 0.00999999 0.004999995 0.05699992 0.006535828 0.004999995 0.05617129 0.01282835 0.004999995 0.03248941 0.0506311 0.007999956 0.03248941 0.0506311 0.01399976 0.03262495 0.04947495 0.01399976 0.03262495 0.04947495 0.007999956 0.03302443 0.04838114 0.01399976 0.03302443 0.04838114 0.007999956 0.03366547 0.04740977 0.01399976 0.03366547 0.04740977 0.007999956 0.03451406 0.04661262 0.01399976 0.03451406 0.04661262 0.007999956 0.03248941 0.06274199 0.01399976 0.03248947 0.06274199 0.007999956 0.04661262 0.034514 0.007999956 0.04661262 0.034514 0.01399976 0.04740977 0.03366553 0.01399976 0.04740977 0.03366553 0.007999956 0.04838114 0.03302443 0.01399976 0.04838114 0.03302443 0.007999956 0.04947495 0.0326249 0.01399976 0.04947495 0.0326249 0.007999956 0.0506311 0.03248953 0.01399976 0.0506311 0.03248953 0.007999956 0.06274199 0.03248953 0.007999956 0.06274199 0.03248953 0.01399976 0.001960813 0.07260161 0.01024389 0.00256735 0.07257473 0.009944796 0.00504446 0.07239532 0.006507754 0.005038499 0.07239598 0.006565213 0.00496459 0.0724036 0.006830096 0.004862546 0.07241415 0.007196009 0.00427258 0.07246357 0.00835812 0.004032611 0.07248169 0.008702993 0.003621637 0.07251048 0.009122073 0.00440526 0.07245361 0.008167445 0.004450798 0.07244968 0.008070647 0.004736065 0.07242506 0.007464826 0.002854704 0.07256019 0.009778022 0.00328058 0.07253438 0.009469807 0.00361967 0.0725106 0.009123921 0.002745807 0.0725668 0.00985682 0.001000285 0.07262772 0.01053828 0.001146078 0.07262635 0.01052051 0.001330316 0.0726214 0.01046586 0.001784563 0.07260942 0.01033055 -0.001001298 0.07262569 0.01052409 -5.76681e-4 0.0726338 0.01061755 -2.51346e-6 0.07263618 0.01064527 2.20893e-7 0.07263624 0.01064527 8.17749e-5 0.07263654 0.01064926 -0.002232134 0.07259166 0.01014101 -0.001968622 0.07260125 0.0102474 -0.00162369 0.07261377 0.0103873 -0.001327991 0.07261949 0.01045233 -0.00364083 0.07250976 0.009141325 -0.003636956 0.07251 0.009146034 -0.003145754 0.07254284 0.009577393 -0.002848744 0.0725587 0.009760618 -0.00256139 0.07257407 0.009937942 -0.004450917 0.07245045 0.008069813 -0.004314005 0.07246142 0.008312642 -0.00427711 0.07246404 0.00835812 -0.003641009 0.07250976 0.009141087 -0.004639327 0.07243549 0.007735729 -0.004736781 0.07242614 0.007464051 -0.00514996 0.07238262 0.005499899 -0.005118012 0.07238703 0.00607264 -0.005041301 0.07239609 0.006503701 -0.005001783 0.07240086 0.006726503 -0.004964828 0.07240432 0.006829321 -0.004862785 0.07241523 0.003804266 -0.004964709 0.07240444 0.004169702 -0.005038619 0.07239669 0.004434764 -0.005044877 0.07239592 0.004494965 -0.004273653 0.07246416 0.002643108 -0.004033029 0.07248204 0.002297401 -0.004405498 0.07245445 0.00283277 -0.004450798 0.07245051 0.002929151 -0.004737198 0.07242596 0.003537595 -0.002857387 0.07255971 0.001223683 -0.003281176 0.0725342 0.001530528 -0.00362128 0.0725106 0.001877248 -0.003621697 0.07251054 0.001877725 -0.001330316 0.07262074 5.33947e-4 -0.00178498 0.07260876 6.6925e-4 -0.001964688 0.07260084 7.579e-4 -0.00256747 0.07257431 0.001055002 -0.002746284 0.07256644 0.001143336 -2.8413e-6 0.07263618 3.54471e-4 -8.21677e-5 0.07263642 3.50656e-4 -0.001005411 0.072627 4.62235e-4 -0.001146793 0.07262557 4.79305e-4 -2.26142e-7 0.07263618 3.546e-4 5.76293e-4 0.07263427 3.82347e-4 9.96494e-4 0.07262635 4.74718e-4 0.002231895 0.07259219 8.58845e-4 0.001964688 0.07260203 7.50692e-4 0.001623094 0.07261455 6.12521e-4 0.001327931 0.07262015 5.47616e-4 0.003639519 0.07250982 0.001857042 0.003636538 0.07251 0.001853406 0.003145635 0.07254302 0.001422405 0.002846062 0.07255923 0.001237571 0.002561271 0.07257449 0.001061916 0.004450798 0.07244962 0.002930045 0.004313588 0.07246071 0.002686679 0.004276037 0.07246345 0.002640426 0.00364089 0.0725097 0.00185883 0.00463891 0.07243442 0.003263533 0.004735887 0.07242524 0.003533244 0.0051499 0.07238262 0.005500078 0.0051499 0.07238262 0.005499899 0.005117893 0.07238674 0.004926741 0.005040764 0.07239556 0.004493415 0.005001366 0.07240003 0.004272699 0.004964768 0.07240355 0.004170477 0.0506311 -0.03248941 0.007999956 0.0506311 -0.03248941 0.01399976 0.04947495 -0.03262495 0.01399976 0.04947495 -0.03262495 0.007999956 0.04838109 -0.03302443 0.01399976 0.04838114 -0.03302443 0.007999956 0.04740977 -0.03366547 0.01399976 0.04740977 -0.03366547 0.007999956 0.04661262 -0.03451406 0.01399976 0.04661262 -0.03451406 0.007999956 0.06274199 -0.03248947 0.01399976 0.06274199 -0.03248947 0.007999956 0.034514 -0.04661262 0.007999956 0.034514 -0.04661262 0.01399976 0.03366553 -0.04740977 0.01399976 0.03366553 -0.04740977 0.007999956 0.03302437 -0.04838114 0.01399976 0.03302437 -0.04838114 0.007999956 0.0326249 -0.04947495 0.01399976 0.0326249 -0.04947495 0.007999956 0.03248953 -0.0506311 0.01399976 0.03248953 -0.0506311 0.007999956 0.03248953 -0.06274199 0.007999956 0.03248953 -0.06274199 0.01399976 -0.03248947 -0.0506311 0.007999897 -0.03248947 -0.0506311 0.01399976 -0.03262495 -0.04947495 0.01399976 -0.03262495 -0.04947495 0.007999897 -0.03302443 -0.04838114 0.01399976 -0.03302443 -0.04838114 0.007999897 -0.03366547 -0.04740977 0.01399976 -0.03366547 -0.04740977 0.007999897 -0.03451406 -0.04661262 0.01399976 -0.03451406 -0.04661262 0.007999897 -0.03248947 -0.06274199 0.01399976 -0.03248947 -0.06274199 0.007999897 -0.04661262 -0.034514 0.007999897 -0.04661262 -0.034514 0.01399976 -0.04740977 -0.03366553 0.01399976 -0.04740977 -0.03366553 0.007999897 -0.04838114 -0.03302443 0.01399976 -0.04838114 -0.03302443 0.007999897 -0.04947501 -0.0326249 0.01399976 -0.04947501 -0.0326249 0.007999897 -0.05063122 -0.03248953 0.01399976 -0.05063122 -0.03248953 0.007999897 -0.06274199 -0.03248953 0.007999897 -0.06274199 -0.03248953 0.01399976 -0.03248953 0.0506311 0.007999897 -0.03248953 0.0506311 0.01399976 -0.03248953 0.06274199 0.007999897 -0.03248953 0.06274199 0.01399976 -0.034514 0.04661262 0.007999897 -0.034514 0.04661262 0.01399976 -0.03366553 0.04740977 0.01399976 -0.03366553 0.04740977 0.007999897 -0.03302443 0.04838114 0.01399976 -0.03302443 0.04838114 0.007999897 -0.0326249 0.04947495 0.01399976 -0.0326249 0.04947495 0.007999897 -0.04849851 -0.03181016 0.01399976 -0.05237805 -0.02490997 0.01399976 -0.05528235 -0.0175457 0.01399976 -0.05715656 -0.009854733 0.01399976 -0.05796611 -0.001980066 0.01399976 -0.0576958 0.005931138 0.01399976 -0.05635058 0.01373219 0.01399976 -0.05395609 0.0212773 0.01399976 -0.05055624 0.02842617 0.01399976 -0.04621458 0.03504562 0.007999897 -0.04661262 0.03451406 0.007999897 -0.04661262 0.03451406 0.01399976 -0.02842617 0.05055624 0.01399976 -0.02127736 0.05395609 0.01399976 -0.01373231 0.05635058 0.01399976 -0.005931258 0.0576958 0.01399976 0.001980066 0.05796605 0.01399976 0.009854614 0.05715656 0.01399976 0.0175457 0.05528235 0.01399976 0.02490997 0.05237799 0.01399976 0.03181004 0.04849845 0.01399976 0.04849845 0.03181016 0.01399976 0.05237799 0.02490997 0.01399976 0.05528235 0.0175457 0.01399976 0.05715656 0.009854733 0.01399976 0.05796605 0.001980066 0.01399976 0.0576958 -0.005931138 0.01399976 0.05635058 -0.01373219 0.01399976 0.05395603 -0.0212773 0.01399976 0.05055624 -0.02842617 0.01399976 0.04621458 -0.03504562 0.007999956 0.02842617 -0.05055624 0.01399976 -0.0318101 -0.04849845 0.01399976 -0.02491003 -0.05237799 0.01399976 -0.0175457 -0.05528235 0.01399976 -0.009854674 -0.05715656 0.01399976 -0.001980066 -0.05796605 0.01399976 0.005931258 -0.0576958 0.01399976 0.01373225 -0.05635058 0.01399976 0.02127736 -0.05395609 0.01399976 0.03811758 0.04371505 0.007999956 0.04371505 0.03811764 0.007999956 0.04101186 -0.04101192 0.007999956 0.03504568 -0.04621464 0.007999956 -0.03811758 -0.04371505 0.007999897 -0.04371505 -0.03811764 0.007999897 -0.04101186 0.04101192 0.007999897 -0.03504568 0.04621464 0.007999897 -0.0506311 0.03248941 0.007999897 -0.0506311 0.03248941 0.01399976 -0.04947495 0.03262495 0.01399976 -0.04947495 0.03262495 0.007999897 -0.04838114 0.03302443 0.01399976 -0.04838114 0.03302443 0.007999897 -0.04740977 0.03366547 0.01399976 -0.04740977 0.03366547 0.007999897 -0.06274199 0.03248947 0.01399976 -0.06274199 0.03248947 0.007999897 -0.05717146 0.007171332 -0.001999974 -0.05799973 0.006535708 -0.001999974 -0.05896461 0.006136178 -0.001999974 -0.05999994 0.005999863 -0.001999974 -0.06103497 0.006136178 -0.001999974 -0.06199967 0.006535708 -0.001999974 -0.06282836 0.007171332 -0.001999974 -0.06346398 0.007999837 -0.001999974 -0.06386363 0.008964598 -0.001999974 -0.06399989 0.009999871 -0.001999974 -0.06386357 0.01103514 -0.001999974 -0.06346404 0.0119999 -0.001999974 -0.06282836 0.01282835 -0.001999974 -0.06199967 0.01346397 -0.001999974 -0.06103491 0.01386356 -0.001999974 -0.05999994 0.01399976 -0.001999974 -0.05896461 0.01386356 -0.001999974 -0.05799973 0.01346391 -0.001999974 -0.05717146 0.01282835 -0.001999974 -0.05653584 0.01199984 -0.001999974 -0.05613625 0.01103514 -0.001999974 -0.05599993 0.009999811 -0.001999974 -0.05613619 0.008964598 -0.001999974 -0.05653584 0.007999837 -0.001999974 0.05899971 0.005999863 -0.001999855 0.0580424 0.006116211 -0.001999855 0.05796778 0.006144464 -0.001999855 0.05714082 0.006458044 -0.001999855 0.05700916 0.00654906 -0.001999855 0.05634737 0.00700587 -0.001999855 0.05618762 0.007185876 -0.001999855 0.05570799 0.007727563 -0.001999855 0.0555588 0.008011996 -0.001999855 0.05525988 0.008581578 -0.001999855 0.05516374 0.008971452 -0.001999855 0.05502909 0.009517788 -0.001999855 0.05502909 0.00999999 -0.001999855 0.05502909 0.01048213 -0.001999855 0.0551638 0.01102823 -0.001999855 0.05525988 0.0114184 -0.001999855 0.05555874 0.01198792 -0.001999855 0.05570799 0.012272 -0.001999855 0.05618762 0.01281374 -0.001999855 0.05634737 0.01299399 -0.001999855 0.05700916 0.01345068 -0.001999855 0.05714076 0.01354151 -0.001999855 0.05899965 0.01399976 -0.001999855 0.0580424 0.01388365 -0.001999855 0.05796784 0.01385509 -0.001999855 0.06099987 0.01399976 -0.001999855 0.06195718 0.01388365 -0.001999855 0.06203204 0.01385504 -0.001999855 0.06285881 0.01354151 -0.001999855 0.06299072 0.01345074 -0.001999855 0.06365239 0.01299399 -0.001999855 0.06381195 0.01281374 -0.001999855 0.06429183 0.012272 -0.001999855 0.06444108 0.01198792 -0.001999855 0.06474 0.0114184 -0.001999855 0.06483608 0.01102823 -0.001999855 0.06497079 0.01048213 -0.001999855 0.06497079 0.00999999 -0.001999855 0.06497079 0.009517788 -0.001999855 0.06483608 0.008971452 -0.001999855 0.06474 0.008581519 -0.001999855 0.06444108 0.008011996 -0.001999855 0.06429189 0.007727563 -0.001999855 0.06381201 0.007186055 -0.001999855 0.06365239 0.00700587 -0.001999855 0.06299072 0.00654906 -0.001999855 0.06285881 0.006458163 -0.001999855 0.06099987 0.005999982 -0.001999855 0.06195724 0.006116092 -0.001999855 0.06203204 0.006144583 -0.001999855 -0.03235614 0.06388956 0.01399976 -0.03235614 0.06388956 0.007999897 -0.03196287 0.06497579 0.01399976 -0.03196287 0.06497579 0.007999897 -0.03133082 0.06594288 0.01399976 -0.03133082 0.06594288 0.007999897 -0.03049355 0.06673896 0.01399976 -0.03049355 0.06673896 0.007999897 -0.02949619 0.06732171 0.01399976 -0.02949619 0.06732171 0.007999897 0.02949607 0.06732171 0.01399976 0.0218665 0.07017189 0.01399976 0.01324874 0.07229602 0.01399976 0.004437685 0.0733658 0.01399976 -0.004437685 0.0733658 0.01399976 -0.02186644 0.07017189 0.01399976 -0.01324868 0.07229602 0.01399976 0.03235608 0.0638895 0.01399976 0.03196293 0.06497579 0.01399976 0.03133076 0.06594282 0.01399976 0.03049343 0.06673896 0.01399976 0.02949607 0.06732171 0.007999956 0.03049343 0.06673896 0.007999956 0.03133076 0.06594282 0.007999956 0.03196293 0.06497579 0.007999956 0.03235608 0.0638895 0.007999956 0.04348695 0.04985094 0.007999956 0.04441905 0.05056595 0.007999956 0.0489189 0.05056595 0.007999956 0.05197227 0.05197227 0.007999956 0.04783374 0.05101549 0.007999956 0.04532861 0.05785787 0.007999956 0.04666882 0.05116873 0.007999956 0.049851 0.04985094 0.007999956 0.05056589 0.04891902 0.007999956 0.05785793 0.04532867 0.007999956 0.05101555 0.04783374 0.007999956 0.03802406 0.06289988 0.007999956 0.04550427 0.04232221 0.007999956 0.04441899 0.04277175 0.007999956 0.04348689 0.04348701 0.007999956 0.03016519 0.06702458 0.007999956 0.04550439 0.05101549 0.007999956 0.04666876 0.04216903 0.007999956 0.04783368 0.04232221 0.007999956 0.05116873 0.04666888 0.007999956 0.05101555 0.04550433 0.007999956 0.06289988 0.03802418 0.007999956 0.05056583 0.04441905 0.007999956 0.04891884 0.04277181 0.007999956 0.04277163 0.04441899 0.007999956 0.04232215 0.04550427 0.007999956 0.04216891 0.0466687 0.007999956 0.04232215 0.04783362 0.007999956 0.04277169 0.04891896 0.007999956 0.049851 0.04348701 0.007999956 0.06388956 0.03235614 0.007999956 0.06497579 0.03196287 0.007999956 0.06732171 0.02949619 0.007999956 0.06702458 0.03016531 0.007999956 0.06673896 0.03049355 0.007999956 0.06594282 0.03133082 0.007999956 0.0638895 0.03235614 0.01399976 0.06497579 0.03196287 0.01399976 0.06594282 0.03133082 0.01399976 0.06673896 0.03049355 0.01399976 0.06732171 0.02949619 0.01399976 0.07017189 0.02186644 0.01399976 0.07229602 0.01324868 0.01399976 0.0733658 0.004437685 0.01399976 0.0733658 -0.004437685 0.01399976 0.07229602 -0.01324874 0.01399976 0.07017189 -0.0218665 0.01399976 0.06732171 -0.02949607 0.01399976 0.0638895 -0.03235608 0.01399976 0.06497573 -0.03196293 0.01399976 0.06594282 -0.03133076 0.01399976 0.0667389 -0.03049343 0.01399976 0.06732171 -0.02949607 0.007999956 0.0667389 -0.03049343 0.007999956 0.06594282 -0.03133076 0.007999956 0.06497573 -0.03196293 0.007999956 0.0638895 -0.03235608 0.007999956 0.006140232 0.07324302 0.005500078 0.006027281 0.07325237 0.006644487 0.006015837 0.07325327 0.006686985 0.005807995 0.07327008 0.007454276 0.005643784 0.07328253 0.007814288 0.005322635 0.07330691 0.00851792 0.005089402 0.07332313 0.0088647 0.00485605 0.07333928 0.009211659 0.004437565 0.07336479 0.00965321 0.004321277 0.07337182 0.009775876 0.004059851 0.07338768 0.01005142 0.003403484 0.07342076 0.01054054 0.003333628 0.07342427 0.01059252 0.002342104 0.07346218 0.01109755 0.002279222 0.07346457 0.01112949 0.001477479 0.07348507 0.01138645 0.00119102 0.07348859 0.01142925 3.22314e-4 0.0734992 0.01155918 -2.90097e-6 0.07349854 0.01155138 -6.20729e-4 0.07349735 0.01153635 -0.001194894 0.07348793 0.01142174 -0.001776278 0.07347846 0.01130563 -0.002345502 0.07346153 0.01108974 -0.002600312 0.0734539 0.01099318 -0.003401756 0.07341998 0.01052761 -0.003610432 0.07341116 0.01040601 -0.004321098 0.07337278 0.009811162 -0.004339516 0.07337158 0.009789288 -0.004437685 0.07336533 0.009672224 -0.005064964 0.07332521 0.008924841 -0.005097985 0.07332277 0.008867979 -0.005524635 0.07329201 0.008134722 -0.005645096 0.07328253 0.007812857 -0.005932927 0.07326006 0.007044494 -0.006003618 0.07325428 0.006681144 -0.006098628 0.07324647 0.006192207 -0.006140351 0.07324302 0.005499899 -0.006027162 0.07325243 0.004357874 -0.006015837 0.07325333 0.004316449 -0.005809247 0.07327002 0.003552556 -0.005643725 0.07328253 0.003189027 -0.005324304 0.07330685 0.002487063 -0.005090117 0.07332307 0.002137184 -0.00486201 0.07333892 0.001796424 -0.004437685 0.07336479 0.001346707 -0.004323244 0.0733717 0.001225531 -0.004068613 0.0733872 9.55553e-4 -0.003406882 0.07342058 4.61352e-4 -0.003335595 0.07342422 4.08068e-4 -0.002347052 0.073462 -9.65135e-5 -0.002282083 0.07346451 -1.29683e-4 -0.001482546 0.07348495 -3.86231e-4 -0.001197159 0.07348847 -4.29035e-4 -3.27247e-4 0.0734992 -5.59556e-4 -3.55662e-6 0.07349854 -5.51765e-4 6.12752e-4 0.07349741 -5.3693e-4 0.001188755 0.07348805 -4.22205e-4 0.001770257 0.07347857 -3.06446e-4 0.002340734 0.07346165 -9.12255e-5 0.002589523 0.07345432 2.64966e-6 0.003398478 0.07342022 4.70252e-4 0.003600835 0.0734117 5.87148e-4 0.004317402 0.07337301 0.001185119 0.004337608 0.0733717 0.00120908 0.004437685 0.07336533 0.001327991 0.005063354 0.07332533 0.00207144 0.005097568 0.07332283 0.002129912 0.005523204 0.07329213 0.002859473 0.005644977 0.07328259 0.003183603 0.005932152 0.07326012 0.00394845 0.006003499 0.07325428 0.004315376 0.00609833 0.07324653 0.004802346 0.05056595 -0.0489189 0.007999956 0.05197227 -0.05197227 0.007999956 0.05101549 -0.04783374 0.007999956 0.05785787 -0.04532861 0.007999956 0.05116873 -0.04666882 0.007999956 0.04985094 -0.049851 0.007999956 0.04891896 -0.05056589 0.007999956 0.04532867 -0.05785793 0.007999956 0.04783368 -0.05101555 0.007999956 0.06289982 -0.03802406 0.007999956 0.04783362 -0.04232215 0.007999956 0.04891896 -0.04277169 0.007999956 0.04985094 -0.04348695 0.007999956 0.05056589 -0.04441905 0.007999956 0.06702458 -0.03016519 0.007999956 0.05101549 -0.04550439 0.007999956 0.03235614 -0.06388956 0.007999956 0.03196287 -0.06497579 0.007999956 0.03802418 -0.06289988 0.007999956 0.04277175 -0.04441899 0.007999956 0.04232221 -0.04550427 0.007999956 0.04216903 -0.04666876 0.007999956 0.04232221 -0.04783368 0.007999956 0.04348695 -0.04348689 0.007999956 0.04441899 -0.04277169 0.007999956 0.04550427 -0.04232215 0.007999956 0.0466687 -0.04216891 0.007999956 0.02949613 -0.06732171 0.007999956 0.03016525 -0.06702458 0.007999956 0.03049349 -0.06673896 0.007999956 0.03133082 -0.06594288 0.007999956 0.04666888 -0.05116873 0.007999956 0.04550433 -0.05101555 0.007999956 0.04441899 -0.05056583 0.007999956 0.04348701 -0.049851 0.007999956 0.04277181 -0.04891884 0.007999956 0.03235614 -0.06388956 0.01399976 0.03196287 -0.06497579 0.01399976 0.03133082 -0.06594288 0.01399976 0.03049349 -0.06673896 0.01399976 0.02949613 -0.06732171 0.01399976 -0.03049361 -0.06673896 0.01399976 -0.02949625 -0.06732171 0.01399976 -0.0218665 -0.07017189 0.01399976 -0.01324874 -0.07229602 0.01399976 -0.004437685 -0.0733658 0.01399976 0.004437685 -0.0733658 0.01399976 0.01324868 -0.07229602 0.01399976 0.02186644 -0.07017189 0.01399976 -0.03235608 -0.0638895 0.01399976 -0.03196293 -0.06497579 0.01399976 -0.03133076 -0.06594282 0.01399976 -0.02949607 -0.06732171 0.007999897 -0.03049343 -0.06673896 0.007999897 -0.03133076 -0.06594282 0.007999897 -0.03196293 -0.06497579 0.007999897 -0.03235608 -0.0638895 0.007999897 -0.04666882 -0.05116873 0.007999897 -0.04783374 -0.05101549 0.007999897 -0.04532861 -0.05785787 0.007999897 -0.05101555 -0.04783374 0.007999897 -0.05785793 -0.04532867 0.007999897 -0.05056589 -0.04891902 0.007999897 -0.05197227 -0.05197227 0.007999897 -0.049851 -0.04985094 0.007999897 -0.04348689 -0.04348701 0.007999897 -0.04441899 -0.04277175 0.007999897 -0.04550427 -0.04232221 0.007999897 -0.0489189 -0.05056595 0.007999897 -0.06388956 -0.03235614 0.007999897 -0.06497579 -0.03196287 0.007999897 -0.06289988 -0.03802418 0.007999897 -0.04348695 -0.04985094 0.007999897 -0.04441905 -0.05056595 0.007999897 -0.05116873 -0.04666888 0.007999897 -0.05101555 -0.04550433 0.007999897 -0.05056583 -0.04441905 0.007999897 -0.049851 -0.04348701 0.007999897 -0.04891884 -0.04277181 0.007999897 -0.04783368 -0.04232221 0.007999897 -0.04277169 -0.04441899 0.007999897 -0.04232215 -0.04550427 0.007999897 -0.04216891 -0.0466687 0.007999897 -0.04232215 -0.04783362 0.007999897 -0.06732171 -0.02949619 0.007999897 -0.06702458 -0.03016531 0.007999897 -0.06673896 -0.03049355 0.007999897 -0.06594288 -0.03133082 0.007999897 -0.04666876 -0.04216903 0.007999897 -0.04277169 -0.04891896 0.007999897 -0.03802412 -0.06289988 0.007999897 -0.03016519 -0.06702458 0.007999897 -0.04550439 -0.05101549 0.007999897 -0.06388956 -0.03235614 0.01399976 -0.06497579 -0.03196287 0.01399976 -0.06594288 -0.03133082 0.01399976 -0.06673896 -0.03049355 0.01399976 -0.06732171 -0.02949619 0.01399976 -0.07017189 -0.02186644 0.01399976 -0.07229602 -0.01324868 0.01399976 -0.07336586 -0.004437685 0.01399976 -0.0733658 0.004437685 0.01399976 -0.07229602 0.01324874 0.01399976 -0.07017189 0.0218665 0.01399976 -0.06732171 0.02949607 0.01399976 -0.06673896 0.03049343 0.01399976 -0.0638895 0.03235608 0.01399976 -0.06497579 0.03196293 0.01399976 -0.06594282 0.03133076 0.01399976 -0.06732171 0.02949607 0.007999897 -0.06673896 0.03049343 0.007999897 -0.06594282 0.03133076 0.007999897 -0.06497579 0.03196293 0.007999897 -0.0638895 0.03235608 0.007999897 -0.04783374 0.05101555 0.007999897 -0.04532867 0.05785793 0.007999897 -0.04891902 0.05056589 0.007999897 -0.05197227 0.05197227 0.007999897 -0.04985094 0.049851 0.007999897 -0.05116873 0.04666882 0.007999897 -0.05101549 0.04783374 0.007999897 -0.05785787 0.04532861 0.007999897 -0.05056595 0.0489189 0.007999897 -0.03802418 0.06289988 0.007999897 -0.04277175 0.04441899 0.007999897 -0.04348701 0.04348689 0.007999897 -0.04441899 0.04277169 0.007999897 -0.04550427 0.04232215 0.007999897 -0.0466687 0.04216891 0.007999897 -0.04783362 0.04232215 0.007999897 -0.03016531 0.06702458 0.007999897 -0.04891896 0.04277169 0.007999897 -0.04985094 0.04348695 0.007999897 -0.05056595 0.04441905 0.007999897 -0.04666888 0.05116873 0.007999897 -0.04550433 0.05101555 0.007999897 -0.04441899 0.05056583 0.007999897 -0.04348701 0.049851 0.007999897 -0.04277181 0.04891884 0.007999897 -0.04232221 0.04783368 0.007999897 -0.06289988 0.03802406 0.007999897 -0.04232221 0.04550427 0.007999897 -0.04216903 0.04666876 0.007999897 -0.06702458 0.03016519 0.007999897 -0.05101549 0.04550439 0.007999897 -0.05749994 0.005669713 -0.002999961 -0.05870556 0.005170226 -0.002999961 -0.05999988 0.004999876 -0.002999961 -0.0612939 0.005170226 -0.002999961 -0.06249988 0.005669713 -0.002999961 -0.06353545 0.006464242 -0.002999961 -0.06433004 0.007499814 -0.002999961 -0.06482952 0.008705794 -0.002999961 -0.06499993 0.009999871 -0.002999961 -0.06482958 0.01129382 -0.002999961 -0.06433004 0.01249974 -0.002999961 -0.06353545 0.01353538 -0.002999961 -0.06249988 0.01432991 -0.002999961 -0.0612939 0.01482939 -0.002999961 -0.05999994 0.01499974 -0.002999961 -0.05870556 0.01482939 -0.002999961 -0.05749994 0.01432991 -0.002999961 -0.05646437 0.01353538 -0.002999961 -0.05566978 0.01249974 -0.002999961 -0.05516999 0.01129382 -0.002999961 -0.05499964 0.009999871 -0.002999961 -0.05517005 0.008705735 -0.002999961 -0.05566978 0.007499814 -0.002999961 -0.05646437 0.006464242 -0.002999961 0.05780339 0.01485455 -0.002999842 0.05899965 0.0149998 -0.002999842 0.05667608 0.01442706 -0.002999842 0.05568408 0.01374238 -0.002999842 0.05488497 0.01284027 -0.002999842 0.0543248 0.01177293 -0.002999842 0.0540362 0.01060265 -0.002999842 0.0540362 0.009397268 -0.002999842 0.0543248 0.008226871 -0.002999842 0.05488497 0.007159531 -0.002999842 0.05568403 0.006257355 -0.002999842 0.05667608 0.005572617 -0.002999842 0.05780333 0.005145192 -0.002999842 0.05899971 0.004999876 -0.002999842 0.06099987 0.0149998 -0.002999842 0.06219649 0.005145192 -0.002999842 0.06099987 0.004999876 -0.002999842 0.06332355 0.005572617 -0.002999842 0.06431555 0.006257355 -0.002999842 0.06511485 0.00715965 -0.002999842 0.06567502 0.008226931 -0.002999842 0.0659635 0.009397268 -0.002999842 0.06596344 0.01060265 -0.002999842 0.06567502 0.01177299 -0.002999842 0.06511485 0.01284027 -0.002999842 0.06431555 0.01374238 -0.002999842 0.06332355 0.01442706 -0.002999842 0.06219655 0.01485455 -0.002999842 0.04441899 -0.04277169 -0.002999842 0.04348701 -0.04348689 -0.002999842 0.04277175 -0.04441899 -0.002999842 0.04232221 -0.04550427 -0.002999842 0.04216903 -0.04666876 -0.002999842 0.04232221 -0.04783368 -0.002999842 0.04277181 -0.04891884 -0.002999842 0.04348701 -0.049851 -0.002999842 0.04441899 -0.05056583 -0.002999842 0.04550433 -0.05101555 -0.002999842 0.04666888 -0.05116873 -0.002999842 0.04783374 -0.05101555 -0.002999842 0.04891902 -0.05056589 -0.002999842 0.04985094 -0.049851 -0.002999842 0.05056595 -0.0489189 -0.002999842 0.05101549 -0.04783374 -0.002999842 0.05116873 -0.04666882 -0.002999842 0.05101549 -0.04550439 -0.002999842 0.05056595 -0.04441905 -0.002999842 0.04985094 -0.04348695 -0.002999842 0.04891896 -0.04277169 -0.002999842 0.04783362 -0.04232215 -0.002999842 0.0466687 -0.04216891 -0.002999842 0.04550427 -0.04232215 -0.002999842 0.04441905 0.05056595 -0.002999842 0.04348695 0.04985094 -0.002999842 0.04277169 0.04891896 -0.002999842 0.04232215 0.04783362 -0.002999842 0.04216891 0.0466687 -0.002999842 0.04232215 0.04550427 -0.002999842 0.04277169 0.04441899 -0.002999842 0.04348689 0.04348701 -0.002999842 0.04441899 0.04277175 -0.002999842 0.04550427 0.04232221 -0.002999842 0.04666876 0.04216903 -0.002999842 0.04783368 0.04232221 -0.002999842 0.04891884 0.04277181 -0.002999842 0.049851 0.04348701 -0.002999842 0.05056583 0.04441905 -0.002999842 0.05101555 0.04550433 -0.002999842 0.05116873 0.04666888 -0.002999842 0.05101555 0.04783374 -0.002999842 0.05056589 0.04891902 -0.002999842 0.049851 0.04985094 -0.002999842 0.0489189 0.05056595 -0.002999842 0.04783374 0.05101549 -0.002999842 0.04666882 0.05116873 -0.002999842 0.04550439 0.05101549 -0.002999842 -0.04891896 0.05056589 -0.002999961 -0.04985094 0.049851 -0.002999961 -0.05056595 0.0489189 -0.002999961 -0.05101549 0.04783374 -0.002999961 -0.05116873 0.04666882 -0.002999961 -0.05101549 0.04550439 -0.002999961 -0.05056595 0.04441905 -0.002999961 -0.04985094 0.04348695 -0.002999961 -0.04891896 0.04277169 -0.002999961 -0.04783362 0.04232215 -0.002999961 -0.0466687 0.04216891 -0.002999961 -0.04550427 0.04232215 -0.002999961 -0.04441899 0.04277169 -0.002999961 -0.04348695 0.04348689 -0.002999961 -0.04277175 0.04441899 -0.002999961 -0.04232221 0.04550427 -0.002999961 -0.04216903 0.04666876 -0.002999961 -0.04232221 0.04783368 -0.002999961 -0.04277181 0.04891884 -0.002999961 -0.04348701 0.049851 -0.002999961 -0.04441899 0.05056583 -0.002999961 -0.04550433 0.05101555 -0.002999961 -0.04666888 0.05116873 -0.002999961 -0.04783368 0.05101555 -0.002999961 -0.04891884 -0.04277181 -0.002999961 -0.049851 -0.04348701 -0.002999961 -0.05056583 -0.04441905 -0.002999961 -0.05101555 -0.04550433 -0.002999961 -0.05116873 -0.04666888 -0.002999961 -0.05101555 -0.04783374 -0.002999961 -0.05056589 -0.04891902 -0.002999961 -0.049851 -0.04985094 -0.002999961 -0.0489189 -0.05056595 -0.002999961 -0.04783374 -0.05101549 -0.002999961 -0.04666882 -0.05116873 -0.002999961 -0.04550439 -0.05101549 -0.002999961 -0.04441905 -0.05056595 -0.002999961 -0.04348695 -0.04985094 -0.002999961 -0.04277169 -0.04891896 -0.002999961 -0.04232215 -0.04783362 -0.002999961 -0.04216891 -0.0466687 -0.002999961 -0.04232215 -0.04550427 -0.002999961 -0.04277163 -0.04441899 -0.002999961 -0.04348689 -0.04348701 -0.002999961 -0.04441899 -0.04277175 -0.002999961 -0.04550427 -0.04232221 -0.002999961 -0.04666876 -0.04216903 -0.002999961 -0.04783368 -0.04232221 -0.002999961 0.01324874 0.07229602 -0.002999842 -0.004437685 0.0733658 -0.002999961 0.004437685 0.0733658 -0.002999842 0.009808778 0.07271367 -0.002999842 -0.01324868 0.07229602 -0.002999961 -0.009239733 0.07278275 -0.002999961 0.07017189 0.02186644 -0.002999842 0.06702458 0.03016531 -0.002999842 0.06289988 0.03802418 -0.002999842 0.0626021 0.03845566 -0.002999842 0.06089597 0.04092705 -0.002999842 0.05785793 0.04532867 -0.002999842 0.05197227 0.05197227 -0.002999842 0.04532861 0.05785787 -0.002999842 0.04092693 0.06089597 -0.002999842 0.03802412 0.06289988 -0.002999842 0.03161633 0.0662629 -0.002999842 0.03016519 0.06702458 -0.002999842 0.0218665 0.07017189 -0.002999842 -0.02186644 0.07017189 -0.002999961 -0.03016525 0.06702458 -0.002999961 -0.03194439 0.06609088 -0.002999961 -0.03802418 0.06289988 -0.002999961 -0.04532867 0.05785793 -0.002999961 -0.05197227 0.05197227 -0.002999961 -0.05785787 0.04532861 -0.002999961 -0.06280624 0.03815966 -0.002999961 -0.06289988 0.03802406 -0.002999961 -0.06702458 0.03016519 -0.002999961 -0.07017189 0.0218665 -0.002999961 -0.07017189 -0.02186644 -0.002999961 -0.06702458 -0.03016531 -0.002999961 -0.0662629 -0.03161633 -0.002999961 -0.06289988 -0.03802418 -0.002999961 -0.05785793 -0.04532867 -0.002999961 -0.05197227 -0.05197227 -0.002999961 -0.04532861 -0.05785787 -0.002999961 -0.0384556 -0.0626021 -0.002999961 -0.03802406 -0.06289988 -0.002999961 -0.03016519 -0.06702458 -0.002999961 -0.0218665 -0.07017189 -0.002999961 0.02186644 -0.07017189 -0.002999842 0.03016531 -0.06702458 -0.002999842 0.03802418 -0.06289988 -0.002999842 0.03815972 -0.0628063 -0.002999842 0.04092699 -0.06089597 -0.002999842 0.04532867 -0.05785793 -0.002999842 0.05197227 -0.05197227 -0.002999842 0.05785787 -0.04532861 -0.002999842 0.06089597 -0.04092693 -0.002999842 0.06289988 -0.03802406 -0.002999842 0.06609082 -0.03194433 -0.002999842 0.06702458 -0.03016519 -0.002999842 0.07017189 -0.0218665 -0.002999842 0.07229602 0.01324868 -0.002999842 0.07271367 0.009808838 -0.002999842 0.0733658 0.004437685 -0.002999842 0.0733658 8.43255e-4 -0.002999842 0.0733658 -0.004437685 -0.002999842 0.07229602 -0.01324874 -0.002999842 0.01324868 -0.07229602 -0.002999842 0.004437685 -0.0733658 -0.002999842 0.00134325 -0.0733658 -0.002999842 -8.43292e-4 -0.0733658 -0.002999961 -0.004437685 -0.0733658 -0.002999961 -0.01324874 -0.07229602 -0.002999961 -0.07229602 -0.01324868 -0.002999961 -0.0733658 -0.004437685 -0.002999961 -0.0733658 0.001343131 -0.002999961 -0.0733658 0.004437685 -0.002999961 -0.07278275 0.009239614 -0.002999961 -0.07229602 0.01324874 -0.002999961 0.05333447 0.02918791 -0.002999842 -0.023938 0.05808424 -0.002999961 -0.05333441 0.02868807 -0.002999961 -0.05333441 -0.01868802 -0.002999961 -0.02964609 0.004999876 -0.002999961 -0.023938 -0.04808419 -0.002999961 2.50003e-4 -0.07227253 -0.002999842 0.023938 -0.04858446 -0.002999842 0.05333447 -0.0191878 -0.002999842 0.02914643 0.004999995 -0.002999842 0.023938 0.05858445 -0.002999842 -2.49964e-4 0.03439635 -0.002999842 -2.49982e-4 -0.0243963 -0.002999842</float_array>
          <technique_common>
            <accessor source="#ActorShape0_0-Mesh_021-mesh-positions-array" count="960" stride="3">
              <param name="X" type="float"/>
              <param name="Y" type="float"/>
              <param name="Z" type="float"/>
            </accessor>
          </technique_common>
        </source>
        <source id="ActorShape0_0-Mesh_021-mesh-normals">
          <float_array id="ActorShape0_0-Mesh_021-mesh-normals-array" count="4146">-3.92103e-7 -1.94349e-7 1 -2.50064e-7 -7.87756e-7 1 -4.47254e-7 -9.01619e-7 1 0 -1.02947e-6 1 -8.7837e-6 6.66574e-6 1 -5.22803e-7 -1.94352e-7 1 -5.13077e-7 -1.23087e-7 1 -4.03417e-7 -2.6711e-7 1 -4.19186e-7 -3.42205e-7 1 -4.03402e-7 -4.20409e-7 1 0 -7.87757e-7 1 -6.78573e-6 6.86371e-6 1 0 0 1 -5.0829e-7 0 1 -5.40058e-7 0 1 -4.8101e-7 -1.23087e-7 1 -6.72362e-7 -2.6711e-7 1 -4.54118e-7 -3.42205e-7 1 -4.40075e-7 -4.20409e-7 1 -6.2269e-7 -5.02733e-7 1 -3.13347e-7 -5.90406e-7 1 -4.08631e-7 -6.84777e-7 1 0 0 1 5.81778e-7 0 1 1.98874e-7 0 1 -4.75088e-7 0 1 7.01595e-7 0 1 1.14418e-6 0 1 -3.41045e-6 0 1 -5.71903e-7 0 1 5.88641e-7 0 1 -1.74176e-7 0 1 -5.30363e-7 0 1 -3.11345e-7 -5.02733e-7 1 -3.55126e-7 -5.90406e-7 1 -1.24859e-7 -6.84778e-7 1 7.12674e-7 0 1 -3.45828e-7 0 1 0 0 -1 -5.05895e-7 0 -1 -4.94101e-7 0 -1 8.78438e-7 0 -1 3.57622e-7 0 -1 3.16963e-7 0 -1 -1.37466e-7 0 -1 -1.61188e-6 0 -1 -5.05836e-7 0 -1 1.58466e-7 0 -1 3.5769e-7 0 -1 0 0 -1 -1.37348e-7 0 -1 -3.66008e-7 0 -1 7.01578e-7 0 -1 -9.09508e-7 0 -1 -1.78846e-7 0 -1 -8.78723e-7 0 -1 1.75687e-6 0 -1 -1.09918e-6 0 -1 -3.22298e-6 0 -1 -1.43101e-6 0 -1 1.13837e-6 0 -1 3.21732e-6 0 -1 0 0 -1 -7.76171e-7 0 -1 0.7185411 0.04196369 0.6942173 0.6923033 0.04043823 0.7204728 0.6604304 0.15702 0.7342864 0.7116906 0.1692016 0.6818118 0.6062622 0.3054658 0.7342594 0.6532687 0.3291522 0.6818349 0.5192234 0.4373403 0.7342618 0.5594834 0.4712516 0.6818361 0.6282294 0.7775884 0.02615457 0.4694862 0.5399869 0.6985678 1 0 0 1 -4.80634e-6 9.93435e-6 0.5399792 0.46951 0.6985579 0.7813266 0.6229311 0.03854596 0.4373403 0.5192234 0.7342618 0.4712435 0.5595043 0.6818245 0.3054935 0.6062566 0.7342525 0.3291522 0.6532687 0.6818349 0.1569935 0.6604164 0.7343047 0.1691683 0.7117093 0.6818005 0.04040694 0.6923201 0.7204585 0.04193323 0.718542 0.6942182 0 1 0 0.04196369 -0.7185411 0.6942173 0.04043823 -0.6923033 0.7204728 0.1569903 -0.6604336 0.7342899 0.1692016 -0.7116906 0.6818118 0.3054658 -0.6062622 0.7342594 0.3291522 -0.6532687 0.6818349 0.4373403 -0.5192234 0.7342618 0.4712516 -0.5594834 0.6818361 0.7936744 -0.6076312 0.02942019 0.5507798 -0.4624878 0.6947998 -4.92158e-6 -1 0 -4.92157e-6 -1 0 0.4624658 -0.5508205 0.6947821 0.6069372 -0.794173 0.0302751 0.5192234 -0.4373403 0.7342618 0.5594834 -0.4712516 0.6818361 0.6062622 -0.3054658 0.7342594 0.6532621 -0.3291794 0.6818281 0.6604368 -0.1569605 0.7342934 0.7117093 -0.1691683 0.6818005 0.6923201 -0.04040694 0.7204585 0.718542 -0.04193323 0.6942182 -0.718542 -0.04193323 0.6942182 -0.6923041 -0.04040777 0.7204737 -0.6604336 -0.1569903 0.7342899 -0.7117093 -0.1691683 0.6818005 -0.6062622 -0.3054658 0.7342594 -0.6532687 -0.3291522 0.6818349 -0.5192234 -0.4373403 0.7342618 -0.5594834 -0.4712516 0.6818361 -0.6282294 -0.7775884 0.02615457 -0.4694862 -0.5399869 0.6985678 -1 0 0 -0.5399792 -0.46951 0.6985579 -0.7813117 -0.6229497 0.03854519 -0.4373157 -0.5192304 0.7342716 -0.4712435 -0.5595043 0.6818245 -0.3054935 -0.6062566 0.7342525 -0.3291522 -0.6532687 0.6818349 -0.1569903 -0.6604336 0.7342899 -0.1691683 -0.7117093 0.6818005 -0.04037648 -0.6923209 0.7204593 -0.04193323 -0.718542 0.6942182 0 -1 0 -0.4624658 0.5508205 0.6947821 -0.6069372 0.794173 0.0302751 -0.5192304 0.4373157 0.7342716 -0.5595043 0.4712435 0.6818245 -0.6062566 0.3054935 0.7342525 -0.6532621 0.3291794 0.6818281 -0.6604164 0.1569935 0.7343047 -0.7117093 0.1691683 0.6818005 -0.6923201 0.04040694 0.7204585 -0.718542 0.04193323 0.6942182 -0.4759179 -0.540039 0.6941614 -0.391256 -0.6038528 0.6944643 -0.5821332 -0.3742328 0.7218525 -0.5421371 -0.4745683 0.6934496 -0.6035851 -0.3958995 0.6920612 -0.6518564 -0.3100125 0.6920805 -0.6240889 -0.2968 0.7227882 -0.6880251 -0.2183649 0.6920536 -0.6586771 -0.2090602 0.7227991 -0.7113481 -0.1226273 0.6920598 -0.6810147 -0.1174089 0.722796 -0.7214198 -0.02462923 0.69206 -0.6906588 -0.02359163 0.7227959 -0.7180586 0.07382619 0.6920561 -0.6874477 0.07065218 0.7227891 -0.7013149 0.1708804 0.6920674 -0.6714233 0.1636136 0.7227872 -0.6715208 0.2647873 0.6920604 -0.6428928 0.2534948 0.7227928 -0.6292805 0.3526217 0.6925778 -0.6039539 0.3373035 0.7221261 -0.5431917 0.4392107 0.7155676 -0.5507798 0.4624878 0.6947998 -0.793689 0.6076119 0.02942073 -0.3379696 0.6029373 0.7226641 -0.436123 0.5744982 0.692639 -0.353784 0.6291935 0.6920641 -0.2647873 0.6715208 0.6920604 -0.2534948 0.6428928 0.7227928 -0.1708768 0.7013002 0.6920833 -0.1636136 0.6714233 0.7227872 -0.07379585 0.7180603 0.6920577 -0.07065218 0.6874477 0.7227891 0.02462923 0.7214198 0.69206 0.02356112 0.6906592 0.7227964 0.1226273 0.7113481 0.6920598 0.1174089 0.6810147 0.722796 0.2183649 0.6880251 0.6920536 0.2090602 0.6586771 0.7227991 0.3100125 0.6518564 0.6920805 0.2968 0.6240889 0.7227882 0.391256 0.6038528 0.6944643 0.3699908 0.5893667 0.71816 0.4759179 0.540039 0.6941614 0.5821332 0.3742328 0.7218525 0.5421371 0.4745683 0.6934496 0.6035851 0.3958995 0.6920612 0.6518564 0.3100125 0.6920805 0.6240889 0.2968 0.7227882 0.6880251 0.2183649 0.6920536 0.6586771 0.2090602 0.7227991 0.7113481 0.1226273 0.6920598 0.6810147 0.1174089 0.722796 0.7214198 0.02462923 0.69206 0.6906588 0.02359163 0.7227959 0.7180603 -0.07379585 0.6920577 0.6874477 -0.07065218 0.7227891 0.7013114 -0.1709101 0.6920639 0.6714233 -0.1636136 0.7227872 0.6715208 -0.2647873 0.6920604 0.6428928 -0.2534948 0.7227928 0.6292805 -0.3526217 0.6925778 0.6039539 -0.3373035 0.7221261 0.5431917 -0.4392107 0.7155676 0.3379696 -0.6029373 0.7226641 0.436123 -0.5744982 0.692639 -0.3699908 -0.5893667 0.71816 -0.2968 -0.6240889 0.7227882 -0.3100125 -0.6518564 0.6920805 -0.2090602 -0.6586771 0.7227991 -0.2183649 -0.6880251 0.6920536 -0.1174089 -0.6810147 0.722796 -0.1226273 -0.7113481 0.6920598 -0.02359163 -0.6906588 0.7227959 -0.02462923 -0.7214198 0.69206 0.07065218 -0.6874477 0.7227891 0.07379585 -0.7180603 0.6920577 0.1636136 -0.6714233 0.7227872 0.1708768 -0.7013002 0.6920833 0.2534948 -0.6428928 0.7227928 0.2647873 -0.6715208 0.6920604 0.353784 -0.6291935 0.6920641 0.4638248 0.5169275 0.7194808 0.5169275 0.4638248 0.7194808 0.5735767 -0.4366678 0.6930592 0.5104025 -0.5104025 0.692083 0.488675 -0.4886445 0.7227886 0.4391764 -0.5431871 0.715592 -0.4638248 -0.5169275 0.7194808 -0.5169275 -0.4638248 0.7194808 -0.5735767 0.4366678 0.6930592 -0.5104025 0.5104025 0.692083 -0.488675 0.4886445 0.7227886 -0.4391764 0.5431871 0.715592 -0.04196369 0.7185411 0.6942173 -0.04043823 0.6923033 0.7204728 -0.15702 0.6604304 0.7342864 -0.1692016 0.7116906 0.6818118 -0.3054658 0.6062622 0.7342594 -0.3291522 0.6532687 0.6818349 -0.4373403 0.5192234 0.7342618 -0.4712516 0.5594834 0.6818361 4.92158e-6 1 0 4.92157e-6 1 0 -0.635891 0.3670808 -0.678892 -0.649818 0.6497569 -0.3944015 -0.519227 0.519166 -0.6788741 -0.4594341 0.7958459 -0.394398 -0.3671149 0.635897 -0.678868 -0.2378024 0.8876391 -0.3943943 -0.1899808 0.709231 -0.6788952 0 0.9189382 -0.3944018 0 0.7342603 -0.6788681 0.2378088 0.8876326 -0.394405 0.1900101 0.7092269 -0.6788913 0.4593748 0.7958793 -0.3943994 0.3670544 0.6358981 -0.6788997 0.649762 0.6497926 -0.3944351 0.519199 0.5192295 -0.678847 0.7958347 0.4594453 -0.3944076 0.635891 0.3670808 -0.678892 0.8876262 0.2378377 -0.3944022 0.7092416 0.1900141 -0.6788748 0.9189382 0 -0.3944018 0.7342603 0 -0.6788681 0.8876326 -0.2378088 -0.394405 0.7092416 -0.1900141 -0.6788748 0.7958235 -0.4594693 -0.394402 0.635897 -0.3671149 -0.678868 0.649744 -0.6498356 -0.3943937 0.519166 -0.519227 -0.6788741 0.45941 -0.795857 -0.3944035 0.3670884 -0.6359041 -0.6788756 0.2377736 -0.8876456 -0.3943972 0.1899806 -0.7092609 -0.678864 0 -0.9189382 -0.3944018 0 -0.734231 -0.6788997 -0.2377448 -0.887652 -0.3944001 -0.1899806 -0.7092609 -0.678864 -0.459499 -0.7958219 -0.3943707 -0.3671484 -0.6358718 -0.6788736 -0.6498258 -0.6497647 -0.3943758 -0.519227 -0.519166 -0.6788741 -0.7958459 -0.4594341 -0.394398 -0.635897 -0.3671149 -0.678868 -0.8876091 -0.2378413 -0.3944386 -0.7092375 -0.1900435 -0.6788708 -0.9189112 0 -0.3944644 -0.7342603 0 -0.6788681 -0.8876048 0.237832 -0.3944538 -0.7092375 0.1900435 -0.6788708 -0.7958251 0.4594398 -0.3944333 0.0563389 0.9201314 -0.3875362 0.2194959 0.8928771 -0.3931821 0.04681587 0.7195124 -0.6929 0.1896483 0.7087243 -0.6795172 0.3275916 0.8648493 -0.3804202 0.4274216 0.8142831 -0.3927517 0.3664459 0.6351689 -0.6799103 0.525664 0.7611507 -0.3799039 0.6096065 0.6888059 -0.3923346 0.5182752 0.5184888 -0.6801179 0.6923644 0.6136242 -0.379601 0.7571483 0.5225175 -0.3920483 0.6346797 0.3664454 -0.6803671 0.8193569 0.4298976 -0.3792657 0.8602113 0.3263102 -0.3918652 0.7077659 0.1897671 -0.680482 0.8984456 0.2214756 -0.3791362 0.9133514 0.1109071 -0.3917764 0.7327924 0 -0.6804523 0.9253655 0 -0.3790761 0.9133262 -0.1109994 -0.3918092 0.7077549 -0.1897417 -0.6805006 0.8984621 -0.2214491 -0.3791126 0.8602535 -0.3261926 -0.3918706 0.6346858 -0.3664795 -0.6803431 0.8192017 -0.4301404 -0.3793256 0.7569987 -0.5227332 -0.3920499 0.5182503 -0.5184639 -0.6801558 0.6925744 -0.6134073 -0.3795685 0.6097975 -0.6886277 -0.3923506 0.3664388 -0.6351871 -0.6798971 0.5254483 -0.7613004 -0.3799024 0.4272096 -0.8144084 -0.3927227 0.1895559 -0.7087518 -0.6795142 0.05624604 -0.9201408 -0.3875273 0.04675501 -0.7194845 -0.692933 0.220835 -0.8924959 -0.3932976 0.3289067 -0.8644292 -0.3802402 -0.05624604 -0.9201408 -0.3875273 -0.2206548 -0.8925382 -0.3933027 -0.04675501 -0.7194845 -0.692933 -0.1895518 -0.7087669 -0.6794995 -0.3287543 -0.8644602 -0.3803014 -0.4267554 -0.8146594 -0.3926956 -0.3665064 -0.6351678 -0.6798787 -0.5250512 -0.761544 -0.3799632 -0.6099967 -0.6884628 -0.3923304 -0.5182503 -0.5184639 -0.6801558 -0.6926482 -0.6133576 -0.3795144 -0.7569364 -0.5228239 -0.3920492 -0.6346534 -0.3665394 -0.6803411 -0.8191909 -0.4301652 -0.3793206 -0.8602449 -0.3262198 -0.3918666 -0.7078042 -0.1897081 -0.6804589 -0.8984621 -0.2214491 -0.3791126 -0.9133453 -0.1109675 -0.3917738 -0.7327337 0 -0.6805155 -0.9253762 0 -0.3790499 -0.9133453 0.1109675 -0.3917738 -0.7078042 0.1897081 -0.6804589 -0.8984621 0.2214491 -0.3791126 -0.8602198 0.3262829 -0.3918691 -0.6346473 0.3665054 -0.6803651 -0.8193461 0.4299225 -0.3792608 -0.757061 0.5226424 -0.3920505 -0.5182503 0.5184639 -0.6801558 -0.692483 0.6135295 -0.379538 -0.6098935 0.6885412 -0.3923534 -0.3664723 0.6351618 -0.6799026 -0.5252105 0.7614316 -0.3799681 -0.4269121 0.8145756 -0.3926993 -0.1895853 0.7087477 -0.6795102 -0.0562765 0.9201392 -0.3875266 -0.04678547 0.7194834 -0.692932 -0.2204071 0.8926156 -0.393266 -0.3285698 0.8645176 -0.3803303 -5.96017e-5 1 0 -0.692453 0.04010236 0.7203477 -0.7184622 0.0415982 0.6943212 -0.711827 0.1678244 0.6820099 -0.6609494 0.1558299 0.7340729 -0.6543047 0.3267098 0.6820163 -0.6075562 0.3033661 0.7340604 -0.561861 0.4681972 0.6819851 -0.5216692 0.4347193 0.7340847 -0.4393876 0.5846294 0.6820168 -0.4079831 0.5428787 0.7340521 -0.3110206 0.6553072 0.6883594 -0.4091427 0.9124683 0.001953184 8.74413e-7 0 1 5.92027e-7 0 1 -3.62256e-6 0 1 2.31135e-7 0 1 1.64695e-6 0 1 4.9981e-7 0 1 2.18539e-7 0 1 -2.37361e-7 0 1 1.84967e-7 0 1 -6.2043e-6 1.37362e-6 1 -5.52339e-6 8.77035e-7 1 0 0 1 2.07918e-7 0 1 1.60619e-6 0 1 -8.06662e-7 0 1 7.36055e-7 0 1 2.00518e-7 0 1 5.18274e-7 0 1 6.39799e-7 0 1 -7.67039e-7 0 1 0.4033974 0.9148619 0.0172736 0.3110206 0.6553072 0.6883594 0.4393876 0.5846294 0.6820168 0.4080085 0.542872 0.734043 0.5618321 0.468229 0.6819871 0.5216624 0.434744 0.734075 0.6543047 0.3267098 0.6820163 0.6075425 0.3033593 0.7340745 0.7118456 0.1677911 0.6819985 0.6609674 0.1558036 0.7340624 0.7184622 0.0415982 0.6943212 0.6924378 0.04010146 0.7203624 -2.28767e-7 0 1 -1.33194e-7 0 1 -3.15364e-7 0 1 -1.35557e-6 0 1 7.51449e-7 0 1 0 0 1 -3.27048e-7 0 1 3.99855e-7 0 1 0 0 1 4.24131e-7 0 1 0 0 1 -1.62532e-7 0 1 5.01103e-7 0 1 2.09533e-7 0 1 -2.39763e-7 0 1 -2.23713e-7 0 1 -1.65524e-7 0 1 -1.21995e-6 0 1 0 0 1 0 0 1 0 0 1 -7.84972e-7 0 1 0 0 1 4.85928e-6 0 1 0.04010236 0.692453 0.7203477 0.0415982 0.7184622 0.6943212 0.1678244 0.711827 0.6820099 0.1558299 0.6609494 0.7340729 0.3267098 0.6543047 0.6820163 0.3033938 0.6075505 0.7340536 0.4682052 0.5618401 0.6819968 0.4347193 0.5216692 0.7340847 0.5846294 0.4393876 0.6820168 0.542872 0.4080085 0.734043 0.6553072 0.3110206 0.6883594 0.9124683 0.4091427 0.001953184 -6.03833e-6 0 1 6.55329e-6 0 1 6.55759e-7 0 1 4.44671e-6 0 1 -2.0898e-6 0 1 0 0 1 0 0 1 0 0 1 0 0 1 0 0 1 0 0 1 0 0 1 1.53406e-6 0 1 2.74211e-7 0 1 0 0 1 -8.64712e-7 0 1 1.47981e-7 0 1 -7.19998e-7 0 1 9.5562e-7 0 1 -1.14114e-6 0 1 1.68235e-6 0 1 -2.01657e-7 0 1 0.9148569 -0.4034087 0.01727408 0.655301 -0.3110482 0.688353 0.5846251 -0.4393539 0.6820423 0.5428842 -0.4080176 0.7340289 0.468229 -0.5618321 0.6819871 0.434744 -0.5216624 0.734075 0.3267098 -0.6543047 0.6820163 0.3033661 -0.6075562 0.7340604 0.1677947 -0.7118307 0.6820134 0.1558036 -0.6609674 0.7340624 0.0415982 -0.7184622 0.6943212 0.04010236 -0.692453 0.7203477 -0.2678009 0.9634426 -0.007812738 0.3881716 0.9214613 0.01522898 -0.2645695 0.962265 -0.06363219 0.4147201 0.90943 0.03073239 -0.2801646 0.9551844 -0.09555506 0.3674817 0.928791 0.04800665 0.4034618 0.9106883 0.08868831 -0.2538577 0.9599168 -0.1188108 0.3577796 0.9285851 0.09860837 -0.2608767 0.9530788 -0.1535717 0.3849399 0.9116115 0.1441732 0.386495 0.9105094 0.1469498 -0.231612 0.9583718 -0.1669719 0.340195 0.9286618 0.1478339 -0.2349355 0.9506068 -0.2028599 0.3565889 0.9120728 0.2024047 -0.2034116 0.9537001 -0.2215402 0.3112365 0.9296504 0.1971856 -0.218122 0.9399053 -0.2626803 0.3080542 0.9169602 0.2535481 -0.2179692 0.9404844 -0.2607268 -0.4352812 0.7409708 -0.5113635 0.3202127 0.9080528 0.2700078 -0.1861394 0.9452855 -0.2679321 0.2752842 0.9302897 0.2424454 -0.1770091 0.9364697 -0.3028076 0.2720813 0.9142726 0.3001288 -0.1457611 0.9422287 -0.3015938 0.2233986 0.9329337 0.2823613 0.207254 0.91688 0.3411405 -0.1313217 0.9346948 -0.3303034 0.2100966 0.9148237 0.3449015 -0.1040111 0.9409835 -0.3220744 0.1637364 0.9334348 0.319202 0.1333087 0.9177792 0.3740457 -0.06289911 0.9410459 -0.3323798 0.09229069 0.9342602 0.3444421 -0.04126179 0.9340371 -0.3547846 0.05185163 0.9182224 0.3926563 -0.0190131 0.9450415 -0.3263972 0.0189827 0.9353113 0.3533167 0.006714165 0.9371495 -0.3488636 -0.01892161 0.9135183 0.4063574 -0.01560753 0.7242848 -0.6893243 -0.02472072 0.9244941 0.380394 0.03180056 0.9439775 -0.3284741 -0.05600345 0.9346627 0.3510975 0.05627793 0.934141 -0.3524392 -0.1020251 0.917402 0.3846618 -0.1043452 0.916858 0.3853355 0.07376527 0.9409424 -0.3304331 -0.128853 0.9335587 0.3344624 0.1032143 0.9332321 -0.3441291 -0.1790285 0.9165065 0.3577214 0.1177414 0.9408937 -0.3175783 -0.19349 0.9330249 0.3033582 -0.248913 0.9147766 0.3181606 0.1478652 0.9353812 -0.3212445 -0.248764 0.9142407 0.3198133 0.1579073 0.9431102 -0.2925894 -0.2499226 0.9313578 0.2647855 0.1978886 0.9462882 -0.2556926 -0.2915454 0.9303024 0.2225731 0.4925108 0.7416288 -0.4554337 0.4991593 0.741701 -0.4480174 0.2321599 0.9410915 -0.245863 -0.3210926 0.9196354 0.2262083 0.2142725 0.9468765 -0.2398167 -0.3466383 0.9060268 0.2428116 0.2127506 0.9574844 -0.1948357 -0.3412319 0.9123323 0.2262977 0.2460132 0.9516417 -0.1839987 -0.3239895 0.9301573 0.1727374 -0.3744984 0.9118461 0.1681901 0.2413434 0.9589956 -0.1485965 -0.3501465 0.92879 0.1214358 0.270585 0.9540669 -0.1286087 -0.3980646 0.9105464 0.1115789 -0.3990733 0.9101533 0.1111826 0.2588303 0.9610995 -0.09640902 -0.3641176 0.9285899 0.07168823 0.2862372 0.9555482 -0.07068186 -0.4096245 0.9107446 0.05246192 0.270186 0.9617193 -0.04577869 -0.3821031 0.9235787 0.03161811 0.267623 0.9634916 0.007873952 -0.3736728 0.9275289 -0.007690727 0.2639939 0.9623723 0.0643962 -0.4146918 0.9094653 -0.03006118 0.280471 0.9550054 0.09644049 -0.367753 0.9287211 -0.04727375 -0.4034914 0.9107167 -0.08826088 0.2540429 0.9598941 0.1185981 -0.357868 0.928577 -0.09836333 0.2611191 0.953042 0.1533876 -0.3848099 0.9116233 -0.1444448 -0.3864985 0.9105176 -0.1468902 0.2320364 0.9583596 0.1664509 -0.340227 0.9286354 -0.1479261 0.2359414 0.9500833 0.2041408 -0.3560954 0.912151 -0.2029206 0.2063694 0.9531996 0.2209575 -0.3110518 0.9296152 -0.1976424 0.2186059 0.9399476 0.2621257 -0.3484996 0.9072771 -0.2353646 0.2186098 0.9405134 0.2600855 0.4547793 0.740883 0.494235 -0.3380343 0.9144871 -0.2223653 0.1864724 0.9453938 0.2673178 -0.2752553 0.9302342 -0.242691 0.1773476 0.9364237 0.3027515 -0.2718325 0.9143484 -0.3001235 0.1457579 0.9422997 0.3013736 -0.2234918 0.9328183 -0.2826685 -0.2069488 0.9169717 -0.3410795 0.1314167 0.9346891 0.3302816 -0.2102138 0.9146501 -0.3452903 0.1040083 0.9410493 0.3218825 -0.1637946 0.9335412 -0.318861 -0.1332169 0.9176558 -0.3743808 0.06311255 0.9410429 0.3323482 -0.09235024 0.9344587 -0.3438872 0.04135304 0.9339994 0.3548734 -0.05218768 0.918137 -0.3928115 0.01904398 0.9450598 0.3263426 -0.01986819 0.9352092 -0.3535379 -0.006683588 0.9371734 0.3488001 0.02386569 0.9200521 -0.3910686 -0.03173959 0.9439794 0.3284747 0.01773172 0.9178999 -0.3964158 0.05649018 0.9343616 -0.3518199 -0.05621647 0.9341343 0.3524672 0.1017519 0.9175068 -0.3844842 0.1042521 0.9168453 -0.3853912 -0.07342833 0.9408957 0.3306411 0.1287282 0.9334473 -0.3348215 -0.10288 0.9332448 0.3441948 0.1792426 0.9166311 -0.357295 -0.1174693 0.9408534 0.3177989 0.1935231 0.9330068 -0.3033928 0.2492164 0.9148008 -0.3178532 -0.1471935 0.935288 0.3218238 0.2491598 0.9141761 -0.31969 -0.157054 0.9431478 0.2929273 0.2501933 0.9313124 -0.2646898 -0.1977311 0.9462651 0.2558999 0.2910294 0.9306165 -0.2219343 -0.4924319 0.7414777 0.4557651 -0.5005512 0.7412912 0.4471421 -0.2320977 0.9409954 0.2462891 0.340227 0.91539 -0.2151902 -0.2161332 0.9463533 0.2402124 0.3532284 0.9091953 -0.2204396 -0.2132688 0.9567493 0.1978566 0.3417566 0.9122258 -0.2259353 -0.2454047 0.9517099 0.1844578 0.3242039 0.93019 -0.172158 0.3748694 0.9117662 -0.1677955 -0.2411937 0.9589762 0.1489645 0.3501754 0.9287552 -0.1216183 -0.2703999 0.9540907 0.1288214 0.3977215 0.9106517 -0.1119431 0.3992826 0.9101434 -0.11051 -0.2585543 0.9611554 0.09659159 0.3644939 0.928402 -0.072209 -0.286329 0.9555185 0.07071244 0.4092897 0.9108383 -0.05343866 -0.270129 0.9617338 0.04580992 0.3820692 0.9235705 -0.03225868 0.4004362 0.9162942 -0.007477045 -0.6554928 0.7552015 0 -2.3977e-7 0 1 -1.04124e-6 0 1 -3.60944e-7 0 1 -2.66838e-7 0 1 -1.86851e-7 0 1 0 0 1 -8.16407e-6 0 1 -1.30842e-6 0 1 2.10067e-7 0 1 0 0 1 -2.4236e-7 0 1 -6.30772e-7 0 1 0 0 1 -1.47799e-7 0 1 8.92338e-7 0 1 -2.23082e-7 0 1 -5.40101e-7 0 1 5.77659e-6 0 1 0 0 1 0 0 1 0 0 1 7.99601e-7 0 1 0 0 1 0 0 1 -3.35557e-7 0 1 2.10063e-7 0 1 -1.83031e-7 0 1 0 0 1 0 0 1 1.52495e-7 0 1 0.692453 -0.04010236 0.7203477 0.7184622 -0.0415982 0.6943212 0.7118418 -0.1678279 0.6819935 0.6609494 -0.1558299 0.7340729 0.6543047 -0.3267098 0.6820163 0.6075562 -0.3033661 0.7340604 0.5618321 -0.468229 0.6819871 0.5216692 -0.4347193 0.7340847 0.4393631 -0.5846373 0.682026 0.4079763 -0.5429003 0.73404 0.3110206 -0.6553072 0.6883594 0.4091427 -0.9124683 0.001953184 1.64703e-6 0 1 1.8647e-6 0 1 3.86363e-7 0 1 5.92059e-7 0 1 -1.53401e-6 0 1 0 0 1 -2.38625e-7 0 1 0 0 1 -6.5357e-6 6.13169e-7 1 0 0 1 2.07311e-6 0 1 -5.61378e-6 1.70521e-7 1 0 0 1 0 0 1 8.03093e-7 0 1 8.02046e-7 0 1 4.20603e-7 0 1 -1.25522e-6 0 1 1.81272e-7 0 1 -1.82818e-7 0 1 -0.4033976 -0.9148624 0.01724308 -0.3110206 -0.6553072 0.6883594 -0.4394123 -0.5846216 0.6820077 -0.4080085 -0.542872 0.734043 -0.5618284 -0.4681954 0.6820132 -0.5216624 -0.434744 0.734075 -0.6543047 -0.3267098 0.6820163 -0.6075425 -0.3033593 0.7340745 -0.7118307 -0.1677947 0.6820134 -0.6609674 -0.1558036 0.7340624 -0.7184622 -0.0415982 0.6943212 -0.692453 -0.04010236 0.7203477 -2.42603e-7 0 1 -1.56878e-7 0 1 2.60309e-7 0 1 4.1178e-7 0 1 -2.10063e-7 0 1 5.03322e-7 0 1 3.81233e-7 0 1 -3.38895e-7 0 1 1.47904e-7 0 1 9.71855e-6 0 1 -2.61662e-6 0 1 3.25065e-7 0 1 -7.51654e-7 0 1 0 0 1 1.65528e-7 0 1 3.15361e-7 0 1 4.85965e-6 0 1 -2.10064e-7 0 1 3.0295e-7 0 1 -3.12842e-7 0 1 -0.04010236 -0.692453 0.7203477 -0.0415982 -0.7184622 0.6943212 -0.1678279 -0.7118418 0.6819935 -0.1558299 -0.6609494 0.7340729 -0.3267098 -0.6543047 0.6820163 -0.3033661 -0.6075562 0.7340604 -0.4681972 -0.561861 0.6819851 -0.4347193 -0.5216692 0.7340847 -0.5846294 -0.4393876 0.6820168 -0.5428787 -0.4079831 0.7340521 -0.6553072 -0.3110206 0.6883594 -0.9124683 -0.4091427 0.001953184 -1.20767e-6 0 1 4.73628e-6 0 1 -1.3116e-6 0 1 2.95966e-7 0 1 -8.53285e-7 0 1 3.67507e-7 0 1 7.09808e-7 0 1 -1.64709e-6 0 1 0 0 1 0 0 1 0 0 1 0 0 1 1.91757e-7 0 1 0 0 1 0 0 1 1.78166e-7 0 1 -5.13776e-7 0 1 1.37846e-7 0 1 -1.15666e-6 0 1 5.0413e-7 0 1 -0.9148619 0.4033974 0.0172736 -0.6553072 0.3110206 0.6883594 -0.5846373 0.4393631 0.682026 -0.542872 0.4080085 0.734043 -0.468229 0.5618321 0.6819871 -0.434744 0.5216624 0.734075 -0.3267371 0.6542982 0.6820095 -0.3033593 0.6075425 0.7340745 -0.1677947 0.7118307 0.6820134 -0.1558036 0.6609674 0.7340624 -0.0415982 0.7184622 0.6943212 -0.04010236 0.692453 0.7203477 1.04135e-6 0 1 -2.36892e-7 0 1 -2.60309e-7 0 1 -2.23088e-7 0 1 3.00056e-7 0 1 -5.77659e-6 0 1 1.29962e-6 0 1 -1.15742e-6 0 1 1.4624e-6 0 1 -1.90599e-7 0 1 5.03285e-7 0 1 -4.55024e-7 0 1 2.96409e-7 0 1 -2.23705e-7 0 1 -3.66062e-7 0 1 0 0 1 -1.52495e-7 0 1 1.65525e-7 0 1 3.94203e-7 0 1 1.25275e-7 0 1 -2.6164e-6 0 1 9.71836e-6 0 1 -2.10066e-7 0 1 0 0 1 -0.1774089 0.3072993 -0.9349296 -0.09183138 0.3426969 -0.934947 0 0.3548198 -0.9349348 0.09180277 0.3427346 -0.9349361 0.1773794 0.3073009 -0.9349347 0.2508645 0.250895 -0.9349431 0.3072645 0.177376 -0.9349473 0.3427336 0.09183305 -0.9349334 0.3548097 0 -0.9349386 0.3427248 -0.09180015 -0.9349398 0.3072993 -0.1774089 -0.9349296 0.2509002 -0.2509002 -0.9349322 0.1774089 -0.3072993 -0.9349296 0.09180277 -0.3427346 -0.9349361 0 -0.3548198 -0.9349348 -0.09183305 -0.3427336 -0.9349334 -0.1774384 -0.3072976 -0.9349246 -0.2509002 -0.2509002 -0.9349322 -0.3072993 -0.1774089 -0.9349296 -0.34267 -0.09183233 -0.9349567 -0.3547564 0 -0.9349589 -0.3426969 0.09183138 -0.934947 -0.3072717 0.1774106 -0.9349384 -0.2509002 0.2509002 -0.9349322 0.08542323 -0.3466372 -0.9341015 0.02176034 -0.3697131 -0.9288912 0.1659024 -0.316118 -0.9341016 0.2367375 -0.2672262 -0.9341015 0.2938089 -0.2028005 -0.934103 0.3337909 -0.1265945 -0.9341078 0.3543543 -0.04303151 -0.9341207 0.3543543 0.04303151 -0.9341207 0.3337909 0.1265945 -0.9341078 0.2938107 0.2027712 -0.9341087 0.2367106 0.2671998 -0.9341159 0.1659024 0.316118 -0.9341016 0.08542323 0.3466372 -0.9341015 0.02176034 0.3697131 -0.9288912 0 -0.7070875 -0.7071261 0 -0.7070888 -0.7071248 -0.08542323 0.3466372 -0.9341015 -0.02175974 0.3697026 -0.9288954 -0.1659024 0.316118 -0.9341016 -0.2367394 0.2671979 -0.9341091 -0.2938089 0.2028005 -0.934103 -0.3337909 0.1265945 -0.9341078 -0.3543915 0.04300183 -0.934108 -0.3544178 -0.04303181 -0.9340966 -0.3337909 -0.1265945 -0.9341078 -0.2937811 -0.2028023 -0.9341114 -0.2367375 -0.2672262 -0.9341015 -0.1659024 -0.316118 -0.9341016 -0.08542418 -0.3466104 -0.9341114 -0.0217601 -0.3697394 -0.9288806 0 0.7070644 -0.7071493 -4.21222e-5 0.7071071 -0.7071065 0.3375738 -0.5846579 -0.7377122 0.4773808 -0.4773808 0.7377094 0.4773916 -0.4773916 -0.7376955 0.5846579 -0.3375738 0.7377122 0.5846579 -0.3375738 -0.7377122 0.6521126 -0.1746942 0.7377202 0.6521126 -0.1746942 -0.7377202 0.6751648 0 0.737667 0.6751648 0 -0.737667 0.652098 0.1746903 0.7377341 0.652098 0.1746903 -0.7377341 0.5846912 0.3375754 0.7376851 0.5846912 0.3375754 -0.7376851 0.4773268 0.4774184 0.7377202 0.4773268 0.4774184 -0.7377202 0.3375694 0.5847112 0.7376719 0.3375694 0.5847112 -0.7376719 0.1747199 0.6520946 0.7377302 0.1747199 0.6520946 -0.7377302 0 0.6751648 0.737667 0 0.6751648 -0.737667 -0.1746903 0.652098 0.7377341 -0.1746903 0.652098 -0.7377341 -0.3375694 0.5847112 0.7376719 -0.3375754 0.5846912 -0.7376851 -0.4773535 0.4773535 0.7377448 -0.4773771 0.4773465 -0.7377341 -0.5847172 0.3375423 0.7376794 -0.5847172 0.3375423 -0.7376794 -0.6521092 0.1747238 0.7377162 -0.6521092 0.1747238 -0.7377162 -0.675133 0 0.7376962 -0.675133 0 -0.7376962 -0.6521092 -0.1747238 0.7377162 -0.6521267 -0.1747204 -0.7377016 -0.5847172 -0.3375423 0.7376794 -0.5847233 -0.3375152 -0.7376871 -0.4774419 -0.4773198 0.7377094 -0.4774419 -0.4773198 -0.7377094 -0.3375738 -0.5846579 0.7377122 -0.3375738 -0.5846579 -0.7377122 -0.1746908 -0.6521302 0.7377055 -0.1746908 -0.6521302 -0.7377055 0 -0.6751481 0.7376822 0 -0.6751481 -0.7376822 0.1746908 -0.6521302 0.7377055 0.1746908 -0.6521302 -0.7377055 0.3375678 -0.584678 0.737699 0.3375152 -0.5847233 -0.7376871 0.4773198 -0.4774419 0.7377094 0.4773198 -0.4774419 -0.7377094 0.6521302 -0.1746908 0.7377055 0.6521302 -0.1746908 -0.7377055 0.6751481 0 0.7376822 0.6751481 0 -0.7376822 0.6521302 0.1746908 0.7377055 0.6521302 0.1746908 -0.7377055 0.5846579 0.3375738 0.7377122 0.5846579 0.3375738 -0.7377122 0.4773846 0.4774152 0.7376847 0.4773916 0.4773916 -0.7376955 0.3375738 0.5846579 0.7377122 0.3375738 0.5846579 -0.7377122 0.1746908 0.6521302 0.7377055 0.1746942 0.6521126 -0.7377202 -0.3375754 0.5846912 0.7376851 -0.4774076 0.477316 0.7377341 -0.4774076 0.477316 -0.7377341 -0.5847244 0.3375769 0.737658 -0.5847244 0.3375769 -0.737658 -0.652077 0.1747234 0.7377449 -0.6520946 0.1747199 -0.7377302 -0.6751648 0 0.737667 -0.6751648 0 -0.737667 -0.652098 -0.1746903 0.7377341 -0.652098 -0.1746903 -0.7377341 -0.5846912 -0.3375754 0.7376851 -0.5846912 -0.3375754 -0.7376851 -0.4773465 -0.4773771 0.7377341 -0.4773465 -0.4773771 -0.7377341 -0.3375423 -0.5847172 0.7376794 -0.3375423 -0.5847172 -0.7376794 -0.1747238 -0.6521092 0.7377162 -0.1747238 -0.6521092 -0.7377162 0 -0.675133 0.7376962 0 -0.675133 -0.7376962 0.1747204 -0.6521267 0.7377016 0.1747204 -0.6521267 -0.7377016 0.3375152 -0.5847233 0.7376871 0.3375694 -0.5847112 -0.7376719 0.4773771 -0.4773465 0.7377341 0.4773535 -0.4773535 -0.7377448 0.5847172 -0.3375423 0.7376794 0.5847172 -0.3375423 -0.7376794 0.6521092 -0.1747238 0.7377162 0.6521092 -0.1747238 -0.7377162 0.675133 0 0.7376962 0.675133 0 -0.7376962 0.6521267 0.1747204 0.7377016 0.6521267 0.1747204 -0.7377016 0.5847233 0.3375152 0.7376871 0.5847233 0.3375152 -0.7376871 0.4774419 0.4773198 0.7377094 0.4774419 0.4773198 -0.7377094 0.1746908 0.6521302 -0.7377055 0 0.6751481 0.7376822 0 0.6751481 -0.7376822 -0.1746908 0.6521302 0.7377055 -0.1746908 0.6521302 -0.7377055 -0.3375738 0.5846579 0.7377122 -0.3375738 0.5846579 -0.7377122 -0.4773916 0.4773916 0.7376955 -0.4773808 0.4773808 -0.7377094 -0.5846579 0.3375738 0.7377122 -0.584678 0.3375678 -0.737699 -0.6521126 0.1746942 0.7377202 -0.6521126 0.1746942 -0.7377202 -0.4773268 -0.4774184 0.7377202 -0.4773268 -0.4774184 -0.7377202 -0.3375694 -0.5847112 0.7376719 -0.3375694 -0.5847112 -0.7376719 -0.1747199 -0.6520946 0.7377302 -0.1747199 -0.6520946 -0.7377302 0 -0.6751648 0.737667 0 -0.6751648 -0.737667 0.1746903 -0.652098 0.7377341 0.1746903 -0.652098 -0.7377341 0.3375754 -0.5846912 0.7376851 0.3375754 -0.5846912 -0.7376851 0.4774076 -0.477316 0.7377341 0.4774076 -0.477316 -0.7377341 0.5847244 -0.3375769 0.737658 0.5847244 -0.3375769 -0.737658 0.6520946 -0.1747199 0.7377302 0.652077 -0.1747234 -0.7377449 0.4773465 0.4773771 0.7377341 0.4773465 0.4773771 -0.7377341 0.3375423 0.5847172 0.7376794 0.3375423 0.5847172 -0.7376794 0.1747238 0.6521092 0.7377162 0.1747238 0.6521092 -0.7377162 0 0.675133 0.7376962 0 0.675133 -0.7376962 -0.1747204 0.6521267 0.7377016 -0.1747204 0.6521267 -0.7377016 -0.3375152 0.5847233 0.7376871 -0.3375152 0.5847233 -0.7376871 -0.4773198 0.4774419 0.7377094 -0.4773198 0.4774419 -0.7377094 -0.5846579 0.3375738 -0.7377122 -0.6521302 0.1746908 0.7377055 -0.6521302 0.1746908 -0.7377055 -0.6751481 0 0.7376822 -0.6751481 0 -0.7376822 -0.6521302 -0.1746908 0.7377055 -0.6521302 -0.1746908 -0.7377055 -0.5846579 -0.3375738 0.7377122 -0.5846639 -0.3375468 -0.7377197 -0.4773916 -0.4773916 0.7376955 -0.4773846 -0.4774152 -0.7376847 -0.1746942 -0.6521126 0.7377202 -0.1746942 -0.6521126 -0.7377202 0.2123823 -0.6876254 0.6943091 -0.6876254 -0.2123823 0.6943091 -0.2123823 0.6876254 0.6943091 0.6876254 0.2123823 0.6943091 0.131295 0.7072294 -0.6946859 0.1311722 0.7072559 0.694682 -0.06049048 0.9981688 2.42778e-4 -0.05087554 0.7133871 -0.698921 0.05212616 0.7141415 -0.698058 0.06459945 0.9979113 1.24552e-4 0.06339848 0.9979883 1.06882e-4 0.08423429 0.6997858 -0.709369 -0.1309294 0.7073543 0.6946277 -0.131295 0.7072294 -0.6946859 -0.08466023 0.6995914 -0.7095101 -0.06006157 0.9981946 2.29959e-4 0.05087554 0.7133871 0.698921 0.06012481 0.9981909 -2.33485e-4 0.06031298 0.9981795 -2.42875e-4 -0.05212616 0.7141415 0.698058 -0.06482332 0.9978968 -1.48042e-4 -0.0634185 0.997987 -1.06826e-4 0.6506381 0.3052222 0.6953486 0.687452 0.2140028 -0.6939831 0.656748 0.2955809 -0.6937681 0.6163454 0.372554 -0.6937738 0.6163383 0.3725802 0.6937659 0.5819669 0.4016606 -0.7070949 0.5819069 0.4016919 -0.7071266 0.5669316 0.4441514 0.693771 0.5669316 0.4441514 -0.693771 0.5092526 0.5092526 -0.6937749 0.5092526 0.5092526 0.6937749 0.4441514 0.5669316 -0.693771 0.4441514 0.5669316 0.693771 0.4016919 0.5819069 -0.7071266 0.3725802 0.6163383 0.6937659 0.3726065 0.6163313 -0.693758 0.3286051 0.6261107 -0.7071098 0.3110885 0.6430219 0.6998193 0.2960945 0.6558515 -0.6943969 0.2134513 0.6874454 -0.6941595 -0.3052222 0.6506381 0.6953486 -0.2140028 0.687452 -0.6939831 -0.295553 0.6567538 -0.6937743 -0.3285987 0.6261292 -0.7070962 -0.3725802 0.6163383 0.6937659 -0.3725802 0.6163383 -0.6937659 -0.4441514 0.5669316 -0.693771 -0.4441514 0.5669316 0.693771 -0.5092526 0.5092526 -0.6937749 -0.5092526 0.5092526 0.6937749 -0.5669316 0.4441514 -0.693771 -0.5669316 0.4441514 0.693771 -0.5818796 0.4017246 -0.7071305 -0.6163383 0.3725802 0.6937659 -0.8228615 0.5682421 0 -0.6163114 0.372674 -0.6937395 -0.6558515 0.2960945 -0.6943969 -0.6874454 0.2134513 -0.6941595 -0.6430081 0.3110818 0.6998348 -0.6506381 -0.3052222 0.6953486 -0.687452 -0.2140028 -0.6939831 -0.656742 -0.2956087 -0.6937618 -0.6260972 -0.328598 -0.7071251 -0.6163383 -0.3725802 0.6937659 -0.6163383 -0.3725802 -0.6937659 -0.5669316 -0.4441514 -0.693771 -0.5669316 -0.4441514 0.693771 -0.5092526 -0.5092526 -0.6937749 -0.5092526 -0.5092526 0.6937749 -0.4441514 -0.5669316 -0.693771 -0.4441514 -0.5669316 0.693771 -0.4016351 -0.5819741 -0.7071036 -0.3725802 -0.6163383 0.6937659 -0.3725198 -0.6163393 -0.6937975 -0.2960945 -0.6558515 -0.6943969 -0.2134513 -0.6874454 -0.6941595 -0.3110818 -0.6430081 0.6998348 0.3052222 -0.6506381 0.6953486 0.2140028 -0.687452 -0.6939831 0.2955809 -0.656748 -0.6937681 0.3726065 -0.6163313 -0.693758 0.3725802 -0.6163383 0.6937659 0.5681537 -0.8229224 0 0.4017175 -0.5818998 -0.707118 0.4016662 -0.5819141 -0.7071353 0.4441514 -0.5669316 0.693771 0.4441514 -0.5669316 -0.693771 0.5092526 -0.5092526 -0.6937749 0.5092526 -0.5092526 0.6937749 0.5669316 -0.4441514 -0.693771 0.5669316 -0.4441514 0.693771 0.5819468 -0.4016678 -0.7071074 0.6163383 -0.3725802 0.6937659 0.6163313 -0.3726065 -0.693758 0.6261107 -0.3286051 -0.7071098 0.6430219 -0.3110885 0.6998193 0.6558515 -0.2960945 -0.6943969 0.6874454 -0.2134513 -0.6941595 0.2123823 0.6876254 0.6943091 0.7084114 0.1297981 0.6937621 0.7084114 0.1297981 -0.6937621 0.7019514 0.0852108 -0.7071092 0.7188858 0.04345971 0.6937683 0.7188858 0.04345971 -0.6937683 0.7071068 0 -0.7071068 0.7188858 -0.04345971 0.6937683 0.7188858 -0.04345971 -0.6937683 0.7084114 -0.1297981 0.6937621 0.7084114 -0.1297981 -0.6937621 0.6876254 -0.2123823 0.6943091 0.1297981 -0.7084114 0.6937621 0.1297981 -0.7084114 -0.6937621 0.04345971 -0.7188858 0.6937683 0.04345971 -0.7188858 -0.6937683 0 -0.7071068 -0.7071068 -0.04345971 -0.7188858 0.6937683 0 -0.7070915 -0.707122 -0.04345971 -0.7188858 -0.6937683 -0.1297981 -0.7084114 0.6937621 -0.1297981 -0.7084114 -0.6937621 -0.2123823 -0.6876254 0.6943091 -0.7084114 -0.1297981 0.6937621 -0.7084114 -0.1297981 -0.6937621 -0.7188858 -0.04345971 0.6937683 -0.7188858 -0.04345971 -0.6937683 -0.7071068 0 -0.7071068 -0.7188858 0.04345971 0.6937683 -0.7188858 0.04345971 -0.6937683 -0.7019514 0.0852108 -0.7071092 -0.7084114 0.1297981 0.6937621 -0.7084114 0.1297981 -0.6937621 -0.6876254 0.2123823 0.6943091 9.35181e-7 0 -1 0 0 -1 4.46818e-7 0 -1 -3.73462e-7 0 -1 0 0 -1 0 0 -1 3.62933e-7 0 -1 -4.21295e-7 0 -1 0 0 -1 0 0 -1 0 0 -1 -3.25201e-7 0 -1 0 0 -1 0 0 -1 2.3528e-7 0 -1 -2.60309e-7 0 -1 -2.6033e-7 0 -1 0 0 -1 0 0 -1 0 0 -1 1.67547e-6 0 -1 0 0 -1 5.86842e-7 0 -1 0 0 -1 1.47574e-7 0 -1 0 0 -1 0 0 -1 0 0 -1 1.32303e-7 0 -1 -2.81973e-7 0 -1 0 0 -1 -2.9758e-7 0 -1 1.75878e-7 0 -1 -1.62819e-7 0 -1 -2.6776e-7 0 -1 -2.99721e-7 0 -1 0 0 -1 1.37719e-7 0 -1 0 0 -1 -1.27655e-7 0 -1 -2.54344e-7 0 -1 0 0 -1 0 0 -1 0 0 -1 1.33193e-7 0 -1 0 0 -1 0 0 -1 0 0 -1 -3.1371e-7 0 -1 1.30169e-7 0 -1 2.06191e-7 0 -1 -2.02186e-7 0 -1 5.52804e-7 0 -1 -2.82976e-7 0 -1 -1.43844e-7 0 -1 -5.12876e-7 0 -1 3.31504e-7 0 -1 0 0 -1 0 0 -1 -1.69815e-7 0 -1 0 0 -1 0 0 -1 5.42158e-5 5.44116e-5 -1 5.69543e-5 5.19528e-5 -1 0 0 -1 0 0 -1 4.6996e-7 0 -1 0 0 -1 -1.27346e-6 0 -1 0 0 -1 0 0 -1 0 0 -1 0 0 -1 0 0 -1 0 0 -1 0 0 -1 1.49247e-7 0 -1 0 0 -1 0 0 -1 -5.1127e-7 0 -1 0 0 -1 3.32e-7 0 -1 -1.77884e-7 0 -1 0 0 -1 0 0 -1 -1.67791e-7 0 -1 0 0 -1 2.2258e-7 0 -1 2.12937e-7 0 -1 -2.32386e-7 0 -1 0 0 -1 0 0 -1 0 0 -1 0 0 -1 -1.45595e-7 0 -1 0 0 -1 0 0 -1 0 0 -1 -4.29748e-7 0 -1 -2.01503e-7 0 -1 4.02706e-7 0 -1 0 0 -1 0 0 -1 0 0 -1 -4.86074e-7 0 -1 5.24994e-7 0 -1 0 0 -1 0 0 -1 0 0 -1 7.57581e-7 0 -1 -4.7809e-7 0 -1 0 0 -1 4.58611e-7 0 -1 -3.00245e-7 0 -1 0 0 -1 0 0 -1 0 0 -1 -1.19396e-7 0 -1 4.7757e-7 0 -1 0 0 -1 0 0 -1 -3.4811e-7 0 -1 1.72288e-7 0 -1 -3.72956e-7 0 -1 0 0 -1 2.48554e-7 0 -1 0 0 -1 0 0 -1 0 0 -1 -2.45097e-7 0 -1 0 0 -1 0 0 -1 2.67218e-7 0 -1 -1.74414e-7 0 -1 0 0 -1 0 0 -1 0 0 -1 0 0 -1 3.07043e-7 -3.01375e-6 -1 2.50769e-6 -2.51131e-6 -1 0 0 -1 0 0 -1 0 0 -1 0 0 -1 0 0 -1 0 0 -1 1.33793e-5 -1.61253e-6 -1 0 0 -1 0 0 -1 0 0 -1 4.03313e-6 0 -1 4.5557e-6 -4.87647e-7 -1 0 0 -1 -1.07787e-6 0 -1 0 0 -1 0 0 -1 0 0 -1 4.9525e-6 0 -1 4.53483e-6 4.87649e-7 -1 1.04478e-5 1 -5.29946e-6 3.89901e-5 1 9.76542e-5 -5.51525e-5 1 -1.38135e-4 -1.04474e-5 1 -1.47196e-6 2.01833e-5 1 7.3552e-5 0 1 4.58879e-6 -3.8992e-5 1 -8.61745e-5 0 1 8.40546e-5 0 1 -1.10131e-4 1.02049e-5 1 3.74663e-6 9.73531e-6 1 0 3.63345e-5 1 6.09487e-5 -3.6332e-5 1 -6.7834e-5 -9.73546e-6 1 0 8.77043e-5 1 1.53761e-4 -1.69455e-4 1 -2.75863e-4 -1.6944e-4 1 -1.86625e-4 6.20282e-5 1 7.8127e-5 -8.77229e-5 1 -1.10491e-4 -8.76993e-5 1 -1.09826e-4 1.69411e-4 1 2.12152e-4 1.69481e-4 1 1.86658e-4 0.3671484 0.6788736 0.6358718 0.7340694 0.6790745 -9.15565e-5 0.7090888 0.6789661 0.1902582 0.6359094 0.6790339 0.3667863 0.5187736 0.6791239 0.5192924 0.6847547 -7.41353e-4 0.7287733 0.1900722 0.6787424 0.7093529 -0.1897375 0.6789596 0.7092345 -3.05192e-5 0.6788681 0.7342603 1.13085e-4 -1.21239e-4 1 -0.367145 0.6790809 0.6356521 -0.7722405 -1.6582e-5 0.6353304 -0.5189709 0.6791026 0.5191234 -0.635623 0.6791739 0.3670237 -0.800823 -1.68614e-5 0.5989012 -0.7090237 0.6791453 0.1898604 -0.7340847 0.6790581 9.15584e-5 -0.709059 0.6789973 -0.1902584 -0.6359722 0.6789746 -0.3667873 -0.5187736 0.6791239 -0.5192924 -0.7527764 -7.39241e-4 -0.658276 -0.1900765 0.6787882 -0.7093078 -0.3671489 0.678844 -0.6359031 -2.44156e-4 0.6790897 -0.7340553 0.1899825 0.6792066 -0.7089324 0.3671191 0.679059 -0.6356907 0.7734242 -1.93815e-5 -0.6338889 0.5189816 0.6790861 -0.5191342 0.635623 0.6791739 -0.3670237 0.7935903 -2.12714e-5 -0.6084526 0.7090536 0.6791142 -0.1898602 1 0 0</float_array>
          <technique_common>
            <accessor source="#ActorShape0_0-Mesh_021-mesh-normals-array" count="1382" stride="3">
              <param name="X" type="float"/>
              <param name="Y" type="float"/>
              <param name="Z" type="float"/>
            </accessor>
          </technique_common>
        </source>
        <vertices id="ActorShape0_0-Mesh_021-mesh-vertices">
          <input semantic="POSITION" source="#ActorShape0_0-Mesh_021-mesh-positions"/>
        </vertices>
        <triangles material="Rohr_006-material" count="1795">
          <input semantic="VERTEX" source="#ActorShape0_0-Mesh_021-mesh-vertices" offset="0"/>
          <input semantic="NORMAL" source="#ActorShape0_0-Mesh_021-mesh-normals" offset="1"/>
          <p>24 0 25 0 26 0 26 1 27 1 28 1 28 2 29 2 26 2 26 3 29 3 30 3 26 4 30 4 31 4 32 5 33 5 34 5 34 6 33 6 35 6 32 7 36 7 33 7 33 8 36 8 37 8 33 9 37 9 38 9 39 10 40 10 33 10 33 11 40 11 41 11 33 12 41 12 42 12 35 13 33 13 26 13 26 14 33 14 43 14 26 15 43 15 24 15 25 16 44 16 26 16 26 17 44 17 45 17 26 18 45 18 46 18 38 19 47 19 33 19 33 20 47 20 48 20 33 21 48 21 39 21 31 22 49 22 26 22 26 23 49 23 50 23 26 24 50 24 51 24 51 22 52 22 26 22 26 25 52 25 53 25 26 26 53 26 54 26 54 22 55 22 26 22 26 27 55 27 56 27 26 28 56 28 57 28 58 22 59 22 60 22 60 29 59 29 61 29 60 22 61 22 62 22 42 30 63 30 33 30 33 31 63 31 60 31 33 22 60 22 64 22 64 32 60 32 65 32 46 33 66 33 26 33 26 34 66 34 67 34 26 35 67 35 27 35 62 22 68 22 60 22 60 36 68 36 69 36 60 37 69 37 65 37 70 38 71 38 72 38 73 38 74 38 75 38 72 39 76 39 77 39 71 38 78 38 72 38 72 40 78 40 79 40 72 41 79 41 80 41 79 42 81 42 82 42 77 38 83 38 72 38 72 43 83 43 84 43 72 38 84 38 70 38 79 38 85 38 81 38 81 44 85 44 86 44 81 45 86 45 87 45 82 46 88 46 79 46 79 38 88 38 89 38 79 47 89 47 90 47 76 48 72 48 75 48 75 49 72 49 91 49 75 50 91 50 73 50 90 38 92 38 79 38 79 51 92 51 93 51 79 38 93 38 80 38 94 52 95 52 96 52 97 38 98 38 99 38 97 53 99 53 100 53 101 54 102 54 103 54 94 38 104 38 95 38 95 55 104 55 105 55 95 38 105 38 99 38 99 38 105 38 106 38 99 56 106 56 100 56 101 38 107 38 102 38 102 57 107 57 108 57 102 58 108 58 109 58 98 38 110 38 99 38 99 38 110 38 101 38 99 38 101 38 111 38 111 38 101 38 103 38 112 59 113 59 114 59 112 60 115 60 113 60 113 38 115 38 116 38 113 61 116 61 117 61 96 38 118 38 94 38 94 62 118 62 112 62 94 63 112 63 119 63 119 38 112 38 114 38 120 64 121 65 122 66 120 64 122 66 123 67 123 67 122 66 124 68 123 67 124 68 125 69 125 69 124 68 126 70 125 69 126 70 127 71 127 71 126 70 128 72 127 71 128 72 129 73 121 74 120 74 130 74 130 75 120 75 131 75 132 76 133 77 134 78 132 76 134 78 135 79 135 79 134 78 136 80 135 79 136 80 137 81 137 81 136 80 138 82 137 81 138 82 139 83 139 83 138 82 140 84 139 83 140 84 141 85 141 86 140 86 142 86 142 86 140 86 143 86 235 87 236 88 237 89 235 87 237 89 238 90 238 90 237 89 239 91 238 90 239 91 240 92 240 92 239 91 241 93 240 92 241 93 242 94 242 94 241 93 243 95 242 94 243 95 244 96 236 97 235 97 245 97 245 98 235 98 246 98 247 99 248 100 249 101 247 99 249 101 250 102 250 102 249 101 251 103 250 102 251 103 252 104 252 104 251 103 253 105 252 104 253 105 254 106 254 106 253 105 255 107 254 106 255 107 256 108 256 74 255 74 257 74 257 74 255 74 258 74 259 109 260 110 261 111 259 109 261 111 262 112 262 112 261 111 263 113 262 112 263 113 264 114 264 114 263 113 265 115 264 114 265 115 266 116 266 116 265 115 267 117 266 116 267 117 268 118 260 119 259 119 269 119 269 119 259 119 270 119 271 120 272 121 273 122 271 120 273 122 274 123 274 123 273 122 275 124 274 123 275 124 276 125 276 125 275 124 277 126 276 125 277 126 278 127 278 127 277 126 279 128 278 127 279 128 280 129 280 130 279 130 281 130 281 130 279 130 282 130 283 119 284 119 285 119 285 119 284 119 286 119 287 131 288 132 289 133 287 131 289 133 290 134 290 134 289 133 291 135 290 134 291 135 292 136 292 136 291 135 293 137 292 136 293 137 294 138 294 138 293 137 284 139 294 138 284 139 283 140 268 118 267 117 46 141 46 141 267 117 66 142 295 143 272 121 45 144 45 144 44 145 295 143 295 143 44 145 25 146 295 143 25 146 296 147 296 147 25 146 24 148 296 147 24 148 297 149 297 149 24 148 43 150 297 149 43 150 298 151 298 151 43 150 33 152 298 151 33 152 299 153 299 153 33 152 64 154 299 153 64 154 300 155 300 155 64 154 65 156 300 155 65 156 301 157 301 157 65 156 69 158 301 157 69 158 302 159 302 159 69 158 68 160 302 159 68 160 303 161 304 162 305 163 306 164 307 165 288 132 59 166 59 166 58 167 307 165 307 165 58 167 60 168 307 165 60 168 308 169 308 169 60 168 63 170 308 169 63 170 309 171 309 171 63 170 42 172 309 171 42 172 310 173 310 173 42 172 41 174 310 173 41 174 311 175 311 175 41 174 40 176 311 175 40 176 312 177 312 177 40 176 39 178 312 177 39 178 313 179 313 179 39 178 48 180 313 179 48 180 314 181 314 181 48 180 47 182 314 181 47 182 315 183 315 183 47 182 128 72 128 72 47 182 38 184 128 72 38 184 129 73 316 185 133 77 37 186 37 186 36 187 316 185 316 185 36 187 32 188 316 185 32 188 317 189 317 189 32 188 34 190 317 189 34 190 318 191 318 191 34 190 35 192 318 191 35 192 319 193 319 193 35 192 26 194 319 193 26 194 320 195 320 195 26 194 57 196 320 195 57 196 321 197 321 197 57 196 56 198 321 197 56 198 322 199 322 199 56 198 55 200 322 199 55 200 323 201 323 201 55 200 54 202 323 201 54 202 324 203 325 204 244 96 243 95 326 205 248 100 51 206 267 117 327 207 66 142 66 142 327 207 328 208 66 142 328 208 67 209 67 209 328 208 329 210 67 209 329 210 27 211 27 211 329 210 330 212 27 211 330 212 28 213 28 213 330 212 331 214 28 213 331 214 29 215 29 215 331 214 332 216 29 215 332 216 30 217 30 217 332 216 333 218 30 217 333 218 31 219 31 219 333 218 334 220 31 219 334 220 49 221 49 221 334 220 326 205 49 221 326 205 50 222 50 222 326 205 51 206 129 73 38 184 335 223 335 223 38 184 37 186 335 223 37 186 336 224 336 224 37 186 133 77 336 224 133 77 132 76 324 203 54 202 243 95 243 95 54 202 53 225 243 95 53 225 325 204 325 204 53 225 52 226 325 204 52 226 337 227 337 227 52 226 51 206 337 227 51 206 338 228 338 228 51 206 248 100 338 228 248 100 247 99 268 118 46 141 339 229 339 229 46 141 45 144 339 229 45 144 340 230 340 230 45 144 272 121 340 230 272 121 271 120 303 161 68 160 306 164 306 164 68 160 62 231 306 164 62 231 304 162 304 162 62 231 61 232 304 162 61 232 341 233 341 233 61 232 59 166 341 233 59 166 342 234 342 234 59 166 288 132 342 234 288 132 287 131 343 235 344 236 345 237 343 235 345 237 346 238 346 238 345 237 347 239 346 238 347 239 348 240 348 240 347 239 349 241 348 240 349 241 350 242 350 242 349 241 306 164 350 242 306 164 305 163 344 243 343 243 351 243 351 244 343 244 352 244 70 245 353 246 71 247 71 247 353 246 354 248 71 247 354 248 78 249 78 249 354 248 355 250 78 249 355 250 79 251 79 251 355 250 356 252 79 251 356 252 85 253 85 253 356 252 357 254 85 253 357 254 86 255 86 255 357 254 358 256 86 255 358 256 87 257 87 257 358 256 359 258 87 257 359 258 81 259 81 259 359 258 360 260 81 259 360 260 82 261 82 261 360 260 361 262 82 261 361 262 88 263 88 263 361 262 362 264 88 263 362 264 89 265 89 265 362 264 363 266 89 265 363 266 90 267 90 267 363 266 364 268 90 267 364 268 92 269 92 269 364 268 365 270 92 269 365 270 93 271 93 271 365 270 366 272 93 271 366 272 80 273 80 273 366 272 367 274 80 273 367 274 72 275 72 275 367 274 368 276 72 275 368 276 91 277 91 277 368 276 369 278 91 277 369 278 73 279 73 279 369 278 370 280 73 279 370 280 74 281 74 281 370 280 371 282 74 281 371 282 75 283 75 283 371 282 372 284 75 283 372 284 76 285 76 285 372 284 373 286 76 285 373 286 77 287 77 287 373 286 374 288 77 287 374 288 83 289 83 289 374 288 375 290 83 289 375 290 84 291 84 291 375 290 376 292 84 291 376 292 70 245 70 245 376 292 353 246 377 293 378 294 95 295 95 295 378 294 96 296 378 294 379 297 96 296 96 296 379 297 380 298 96 296 380 298 118 299 380 298 381 300 118 299 118 299 381 300 382 301 118 299 382 301 112 302 382 301 383 303 112 302 112 302 383 303 384 304 112 302 384 304 115 305 384 304 385 306 115 305 115 305 385 306 386 307 115 305 386 307 116 308 386 307 387 309 116 308 116 308 387 309 388 310 116 308 388 310 117 311 388 310 389 312 117 311 117 311 389 312 390 313 117 311 390 313 113 314 390 313 391 315 113 314 113 314 391 315 392 316 113 314 392 316 114 317 392 316 393 318 114 317 114 317 393 318 394 319 114 317 394 319 119 320 394 319 395 321 119 320 119 320 395 321 396 322 119 320 396 322 94 323 396 322 397 324 94 323 94 323 397 324 398 325 94 323 398 325 104 326 399 327 105 328 400 329 400 329 105 328 104 326 400 329 104 326 401 330 401 330 104 326 398 325 106 130 105 130 402 130 402 130 105 130 399 130 402 331 403 332 106 333 106 333 403 332 100 334 403 332 404 335 100 334 100 334 404 335 405 336 100 334 405 336 97 337 405 336 406 338 97 337 97 337 406 338 407 339 97 337 407 339 98 340 407 339 408 341 98 340 98 340 408 341 409 342 98 340 409 342 110 343 409 342 410 344 110 343 110 343 410 344 411 345 110 343 411 345 101 346 411 345 412 347 101 346 101 346 412 347 413 348 101 346 413 348 107 349 413 348 414 350 107 349 107 349 414 350 415 351 107 349 415 351 108 352 415 351 416 353 108 352 108 352 416 353 417 354 108 352 417 354 109 355 417 354 418 356 109 355 109 355 418 356 419 357 109 355 419 357 102 358 419 357 420 359 102 358 102 358 420 359 421 360 102 358 421 360 103 361 421 360 422 362 103 361 103 361 422 362 423 363 103 361 423 363 111 364 424 365 99 366 425 367 425 367 99 366 111 364 425 367 111 364 426 368 426 368 111 364 423 363 95 369 99 369 377 369 377 369 99 369 424 369 285 370 286 371 427 372 285 370 427 372 428 373 428 373 427 372 429 374 428 373 429 374 430 375 430 375 429 374 431 376 430 375 431 376 432 377 432 377 431 376 433 378 432 377 433 378 434 379 434 379 433 378 435 380 434 379 435 380 436 381 293 382 291 382 307 382 307 383 291 383 289 383 307 384 289 384 288 384 437 385 438 385 313 385 128 22 126 22 315 22 315 386 126 386 124 386 315 22 124 22 314 22 314 387 124 387 122 387 314 22 122 22 313 22 313 388 122 388 121 388 313 389 438 389 312 389 312 390 438 390 439 390 312 391 439 391 311 391 311 392 439 392 440 392 311 22 440 22 310 22 310 22 440 22 441 22 310 22 441 22 309 22 435 22 308 22 442 22 442 393 308 393 309 393 442 22 309 22 443 22 443 394 309 394 441 394 435 395 433 395 308 395 308 396 433 396 431 396 308 397 431 397 429 397 121 22 130 22 313 22 313 398 130 398 444 398 313 22 444 22 445 22 429 22 427 22 308 22 308 399 427 399 286 399 308 22 286 22 307 22 307 22 286 22 284 22 307 22 284 22 293 22 445 22 446 22 313 22 313 400 446 400 447 400 313 401 447 401 437 401 448 402 437 403 447 404 448 402 447 404 449 405 449 405 447 404 446 406 449 405 446 406 450 407 450 407 446 406 445 408 450 407 445 408 451 409 451 409 445 408 444 410 451 409 444 410 452 411 452 411 444 410 130 412 452 411 130 412 131 413 131 414 453 414 454 414 455 22 456 22 457 22 457 22 456 22 458 22 457 22 458 22 459 22 455 22 460 22 456 22 456 22 460 22 461 22 456 415 461 415 462 415 462 22 461 22 463 22 464 416 451 416 452 416 465 417 466 417 336 417 336 418 466 418 467 418 336 419 467 419 335 419 468 22 448 22 449 22 468 22 449 22 464 22 464 420 449 420 450 420 464 421 450 421 451 421 452 422 131 422 464 422 464 22 131 22 454 22 464 22 454 22 458 22 458 423 454 423 469 423 458 424 469 424 459 424 465 22 336 22 470 22 470 425 336 425 132 425 470 22 132 22 471 22 471 426 132 426 135 426 471 427 135 427 137 427 463 428 472 428 462 428 462 22 472 22 473 22 462 22 473 22 474 22 474 429 473 429 475 429 137 22 139 22 471 22 471 430 139 430 141 430 471 431 141 431 476 431 467 22 477 22 335 22 335 22 477 22 478 22 335 432 478 432 129 432 129 22 478 22 479 22 129 22 479 22 127 22 127 22 479 22 480 22 127 433 480 433 125 433 453 22 131 22 481 22 481 22 131 22 120 22 481 22 120 22 480 22 480 22 120 22 123 22 480 22 123 22 125 22 476 22 141 22 482 22 482 22 141 22 142 22 482 22 142 22 475 22 475 434 142 434 474 434 474 435 142 435 483 435 474 436 483 436 484 436 485 437 486 437 487 437 487 22 486 22 474 22 487 22 474 22 488 22 488 22 474 22 484 22 142 438 143 439 489 440 142 438 489 440 483 441 483 441 489 440 490 442 483 441 490 442 484 443 484 443 490 442 491 444 484 443 491 444 488 445 488 445 491 444 492 446 488 445 492 446 487 447 487 447 492 446 493 448 487 447 493 448 485 449 324 450 243 450 241 450 316 22 317 22 138 22 138 22 136 22 316 22 316 22 136 22 134 22 316 451 134 451 133 451 241 22 239 22 324 22 324 452 239 452 237 452 324 453 237 453 323 453 323 454 237 454 236 454 318 455 494 455 493 455 494 22 318 22 495 22 495 456 318 456 319 456 495 22 319 22 496 22 496 457 319 457 320 457 496 458 320 458 497 458 497 459 320 459 321 459 497 460 321 460 498 460 498 22 321 22 322 22 498 22 322 22 499 22 499 22 322 22 323 22 499 461 323 461 500 461 493 462 492 462 318 462 318 463 492 463 491 463 318 464 491 464 490 464 490 22 489 22 318 22 318 465 489 465 143 465 318 466 143 466 317 466 317 22 143 22 140 22 317 467 140 467 138 467 236 22 245 22 323 22 323 468 245 468 501 468 323 469 501 469 502 469 502 470 503 470 323 470 323 471 503 471 504 471 323 22 504 22 500 22 505 472 500 473 504 474 505 472 504 474 506 475 506 475 504 474 503 476 506 475 503 476 507 477 507 477 503 476 502 478 507 477 502 478 508 479 508 479 502 478 501 480 508 479 501 480 509 481 509 481 501 480 245 482 509 481 245 482 246 483 510 484 229 485 511 486 511 486 229 485 146 487 511 486 146 487 512 488 146 487 147 489 512 488 512 488 147 489 148 490 512 488 148 490 513 491 513 491 148 490 149 492 513 491 149 492 514 493 149 492 155 494 514 493 514 493 155 494 154 495 514 493 154 495 515 496 515 496 154 495 153 497 515 496 153 497 516 498 516 498 153 497 150 499 516 498 150 499 517 500 517 500 150 499 151 501 517 500 151 501 518 502 518 502 151 501 152 503 518 502 152 503 519 504 519 505 152 505 158 505 519 504 158 506 520 507 520 507 158 506 157 508 520 507 157 508 521 509 521 509 157 508 156 510 521 509 156 510 522 511 156 510 159 512 522 511 522 511 159 512 145 513 522 511 145 513 523 514 523 514 145 513 144 515 523 514 144 515 524 516 144 515 163 517 524 516 524 516 163 517 162 518 524 516 162 518 525 519 525 519 162 518 161 520 525 519 161 520 526 521 526 521 161 520 160 522 526 521 160 522 527 523 527 523 160 522 168 524 527 523 168 524 528 525 168 524 167 526 528 525 528 527 167 527 166 527 528 525 166 528 529 529 529 529 166 528 165 530 529 529 165 530 530 531 165 530 164 532 530 531 530 531 164 532 172 533 530 531 172 533 531 534 531 534 172 533 171 535 531 534 171 535 532 536 532 536 171 535 170 537 532 536 170 537 533 538 170 537 169 539 533 538 533 538 169 539 177 540 533 538 177 540 534 541 534 541 177 540 176 542 534 541 176 542 535 543 535 543 176 542 175 544 535 543 175 544 536 545 536 545 175 544 174 546 536 547 174 547 537 547 537 548 174 548 173 548 537 549 173 550 538 551 538 551 173 550 181 552 538 551 181 552 539 553 539 553 181 552 180 554 539 553 180 554 540 555 180 554 179 556 540 555 540 555 179 556 178 557 540 555 178 557 541 558 541 558 178 557 182 559 541 558 182 559 542 560 182 559 183 561 542 560 542 560 183 561 188 562 542 560 188 562 543 563 543 563 188 562 187 564 543 563 187 564 544 565 544 565 187 564 186 566 544 565 186 566 545 567 545 567 186 566 185 568 545 567 185 568 546 569 546 569 185 568 184 570 546 569 184 570 547 571 547 571 184 570 192 572 547 571 192 572 548 573 192 572 191 574 548 573 548 573 191 574 190 575 548 573 190 575 549 576 549 576 190 575 189 577 549 576 189 577 550 578 189 577 197 579 550 578 550 578 197 579 196 580 550 578 196 580 551 581 551 581 196 580 195 582 551 581 195 582 552 583 552 583 195 582 193 584 552 583 193 584 553 585 553 585 193 584 194 586 553 585 194 586 554 587 554 587 194 586 201 588 554 587 201 588 555 589 555 590 201 590 200 590 555 589 200 591 556 592 556 592 200 591 199 593 556 592 199 593 557 594 557 594 199 593 198 595 557 594 198 595 558 596 198 595 206 597 558 596 558 596 206 597 205 598 558 596 205 598 559 599 559 599 205 598 204 600 559 599 204 600 560 601 204 600 203 602 560 601 560 601 203 602 202 603 560 601 202 603 561 604 561 604 202 603 210 605 561 604 210 605 562 606 562 606 210 605 209 607 562 606 209 607 563 608 563 608 209 607 208 609 563 608 208 609 564 610 564 610 208 609 207 611 564 610 207 611 565 612 207 611 211 613 565 612 565 612 211 613 212 614 565 612 212 614 566 615 212 614 213 616 566 615 566 615 213 616 217 617 566 615 217 617 567 618 567 618 217 617 216 619 567 618 216 619 568 620 568 620 216 619 215 621 568 620 215 621 569 622 215 621 214 623 569 622 569 622 214 623 222 624 569 622 222 624 570 625 570 625 222 624 221 626 570 625 221 626 571 627 571 627 221 626 220 628 571 627 220 628 572 629 572 629 220 628 219 630 572 631 219 631 573 631 573 632 219 632 218 632 573 633 218 634 574 635 574 635 218 634 226 636 574 635 226 636 575 637 575 637 226 636 225 638 575 637 225 638 576 639 225 638 224 640 576 639 576 639 224 640 223 641 576 639 223 641 577 642 577 642 223 641 227 643 577 642 227 643 578 644 227 643 228 645 578 644 578 644 228 645 234 646 578 644 234 646 579 647 579 647 234 646 233 648 579 647 233 648 580 649 580 649 233 648 232 650 580 649 232 650 581 651 581 651 232 650 231 652 581 651 231 652 510 484 510 484 231 652 230 653 510 654 230 654 229 654 582 22 583 22 584 22 584 22 583 22 585 22 584 655 585 655 586 655 582 656 587 656 583 656 583 22 587 22 588 22 583 22 588 22 589 22 589 657 588 657 590 657 508 22 509 22 591 22 238 22 592 22 235 22 235 658 592 658 593 658 235 22 593 22 246 22 246 659 593 659 594 659 246 660 594 660 595 660 596 22 505 22 506 22 596 661 506 661 591 661 591 662 506 662 507 662 591 22 507 22 508 22 509 22 246 22 591 22 591 663 246 663 595 663 591 664 595 664 585 664 585 665 595 665 597 665 585 22 597 22 586 22 598 666 599 666 600 666 601 22 337 22 602 22 602 22 337 22 338 22 602 667 338 667 603 667 603 668 338 668 247 668 603 22 247 22 604 22 604 22 247 22 250 22 601 669 605 669 337 669 337 670 605 670 606 670 337 22 606 22 325 22 325 671 606 671 607 671 325 672 607 672 244 672 244 673 607 673 608 673 244 22 608 22 242 22 242 674 608 674 592 674 242 22 592 22 240 22 240 22 592 22 238 22 598 675 600 675 257 675 609 22 610 22 611 22 611 22 610 22 600 22 611 22 600 22 612 22 612 676 600 676 599 676 250 677 252 677 604 677 604 22 252 22 254 22 604 22 254 22 256 22 590 22 613 22 589 22 589 678 613 678 614 678 589 22 614 22 600 22 600 679 614 679 615 679 600 680 615 680 257 680 257 681 615 681 616 681 257 682 616 682 256 682 256 683 616 683 617 683 256 684 617 684 604 684 257 685 258 686 618 687 257 685 618 687 598 688 598 688 618 687 619 689 598 688 619 689 599 690 599 690 619 689 620 691 599 690 620 691 612 692 612 692 620 691 621 693 612 692 621 693 611 694 611 694 621 693 622 695 611 694 622 695 609 696 249 22 248 22 326 22 267 22 265 22 327 22 327 697 265 697 263 697 327 698 263 698 328 698 328 22 263 22 261 22 328 22 261 22 329 22 255 699 253 699 326 699 326 22 253 22 251 22 326 700 251 700 249 700 623 701 624 701 329 701 329 702 624 702 625 702 329 22 625 22 330 22 330 22 625 22 626 22 330 703 626 703 331 703 331 704 626 704 627 704 331 22 627 22 332 22 332 22 627 22 628 22 332 705 628 705 333 705 255 22 326 22 258 22 258 706 326 706 334 706 258 707 334 707 618 707 628 708 629 708 333 708 333 709 629 709 630 709 333 22 630 22 334 22 334 710 630 710 622 710 334 711 622 711 621 711 261 22 260 22 329 22 329 22 260 22 269 22 329 712 269 712 631 712 621 22 620 22 334 22 334 713 620 713 619 713 334 714 619 714 618 714 631 22 632 22 329 22 329 715 632 715 633 715 329 716 633 716 623 716 634 717 624 718 623 719 634 717 623 719 635 720 635 720 623 719 633 721 635 720 633 721 636 722 636 722 633 721 632 723 636 722 632 723 637 724 637 724 632 723 631 725 637 724 631 725 638 726 638 726 631 725 269 727 638 726 269 727 270 728 639 22 640 22 641 22 642 22 643 22 644 22 644 22 643 22 645 22 644 22 645 22 646 22 647 22 339 22 648 22 648 729 339 729 340 729 648 22 340 22 649 22 641 22 640 22 645 22 645 730 640 730 650 730 645 731 650 731 646 731 651 22 652 22 653 22 270 732 654 732 655 732 651 22 653 22 281 22 642 22 656 22 643 22 643 22 656 22 657 22 643 22 657 22 653 22 653 22 657 22 658 22 653 733 658 733 281 733 281 734 658 734 659 734 281 22 659 22 280 22 659 22 660 22 280 22 280 735 660 735 661 735 280 22 661 22 278 22 278 22 661 22 276 22 647 22 662 22 339 22 339 736 662 736 663 736 339 432 663 432 268 432 268 22 663 22 664 22 268 737 664 737 266 737 266 22 664 22 665 22 266 433 665 433 264 433 666 738 667 738 668 738 668 22 667 22 653 22 668 739 653 739 669 739 669 22 653 22 652 22 649 22 340 22 670 22 670 740 340 740 271 740 670 22 271 22 661 22 661 741 271 741 274 741 661 742 274 742 276 742 654 22 270 22 671 22 671 22 270 22 259 22 671 22 259 22 665 22 665 743 259 743 262 743 665 22 262 22 264 22 636 22 637 22 672 22 672 744 637 744 638 744 636 22 672 22 635 22 635 22 672 22 673 22 635 745 673 745 634 745 638 22 270 22 672 22 672 746 270 746 655 746 672 22 655 22 641 22 641 747 655 747 674 747 641 748 674 748 639 748 281 749 282 750 675 751 281 749 675 751 651 752 651 752 675 751 676 753 651 752 676 753 652 754 652 754 676 753 677 755 652 754 677 755 669 756 669 756 677 755 678 757 669 756 678 757 668 758 668 758 678 757 679 759 668 758 679 759 666 760 273 22 272 22 295 22 303 761 306 761 349 761 349 762 347 762 303 762 303 763 347 763 345 763 303 22 345 22 302 22 296 764 297 764 282 764 282 22 279 22 296 22 296 765 279 765 277 765 296 766 277 766 295 766 295 767 277 767 275 767 295 768 275 768 273 768 680 22 297 22 681 22 681 22 297 22 298 22 681 22 298 22 682 22 682 769 298 769 299 769 682 770 299 770 683 770 683 22 299 22 300 22 683 771 300 771 684 771 684 22 300 22 301 22 684 22 301 22 685 22 685 772 301 772 302 772 685 22 302 22 686 22 686 22 302 22 687 22 680 22 679 22 297 22 297 773 679 773 678 773 297 774 678 774 677 774 345 22 344 22 302 22 302 775 344 775 351 775 302 776 351 776 688 776 677 22 676 22 297 22 297 777 676 777 675 777 297 778 675 778 282 778 688 22 689 22 302 22 302 779 689 779 690 779 302 780 690 780 687 780 691 781 686 782 687 783 691 781 687 783 692 784 692 784 687 783 690 785 692 784 690 785 693 786 693 786 690 785 689 787 693 786 689 787 694 788 694 788 689 787 688 789 694 788 688 789 695 790 695 790 688 789 351 791 695 790 351 791 352 792 696 22 697 22 698 22 698 22 697 22 699 22 698 793 699 793 700 793 701 22 702 22 703 22 703 794 702 794 699 794 699 22 702 22 704 22 699 795 704 795 700 795 428 22 430 22 705 22 706 22 707 22 341 22 341 796 707 796 708 796 341 22 708 22 304 22 304 797 708 797 709 797 304 798 709 798 305 798 305 799 709 799 710 799 305 22 710 22 350 22 350 800 710 800 711 800 350 22 711 22 348 22 348 801 711 801 346 801 428 22 705 22 285 22 436 745 712 745 434 745 434 22 712 22 705 22 434 22 705 22 432 22 432 22 705 22 430 22 346 22 711 22 343 22 343 802 711 802 713 802 343 22 713 22 352 22 352 22 713 22 714 22 352 803 714 803 715 803 696 22 716 22 697 22 697 804 716 804 717 804 697 805 717 805 705 805 705 806 717 806 718 806 705 22 718 22 285 22 285 807 718 807 719 807 285 808 719 808 283 808 719 22 720 22 283 22 283 809 720 809 721 809 283 810 721 810 294 810 294 22 721 22 292 22 693 22 694 22 722 22 722 811 694 811 695 811 706 22 341 22 723 22 723 22 341 22 342 22 723 22 342 22 724 22 724 668 342 668 287 668 724 22 287 22 721 22 721 812 287 812 290 812 721 22 290 22 292 22 693 813 722 813 692 813 692 22 722 22 725 22 692 814 725 814 691 814 695 22 352 22 722 22 722 815 352 815 715 815 722 816 715 816 703 816 703 22 715 22 726 22 703 22 726 22 701 22 354 248 727 817 355 250 355 250 727 817 728 818 355 250 728 818 356 252 356 252 728 818 729 819 356 252 729 819 357 254 357 254 729 819 730 820 357 254 730 820 358 256 358 256 730 820 731 821 358 256 731 821 359 258 359 258 731 821 732 822 359 258 732 822 360 260 360 260 732 822 733 823 360 260 733 823 361 262 361 262 733 823 734 824 361 262 734 824 362 264 362 264 734 824 735 825 362 264 735 825 363 266 363 266 735 825 736 826 363 266 736 826 364 268 364 268 736 826 737 827 364 268 737 827 365 270 365 270 737 827 738 828 365 270 738 828 366 272 366 272 738 828 739 829 366 272 739 829 367 274 367 274 739 829 740 830 367 274 740 830 368 276 368 276 740 830 741 831 368 276 741 831 369 278 369 278 741 831 742 832 369 278 742 832 370 280 370 280 742 832 743 833 370 280 743 833 371 282 371 282 743 833 744 834 371 282 744 834 372 284 372 284 744 834 745 835 372 284 745 835 373 286 373 286 745 835 746 836 373 286 746 836 374 288 374 288 746 836 747 837 374 288 747 837 375 290 375 290 747 837 748 838 375 290 748 838 376 292 376 292 748 838 749 839 376 292 749 839 353 246 353 246 749 839 750 840 353 246 750 840 354 248 354 248 750 840 727 817 751 841 752 842 399 327 399 327 400 329 751 841 751 841 400 329 401 330 751 841 401 330 753 843 401 330 398 325 753 843 753 843 398 325 397 324 753 843 397 324 754 844 397 324 396 322 754 844 754 844 396 322 395 321 754 844 395 321 755 845 395 321 394 319 755 845 755 845 394 319 393 318 755 845 393 318 756 846 393 318 392 316 756 846 756 846 392 316 391 315 756 846 391 315 757 847 757 847 391 315 390 313 757 847 390 313 758 848 390 313 389 312 758 848 758 848 389 312 388 310 758 848 388 310 759 849 388 310 387 309 759 849 759 849 387 309 386 307 759 849 386 307 760 850 386 307 385 306 760 850 760 850 385 306 384 304 760 850 384 304 761 851 384 304 383 303 761 851 761 851 383 303 382 301 761 851 382 301 762 852 382 301 381 300 762 852 762 852 381 300 380 298 762 852 380 298 763 853 377 293 764 854 378 294 378 294 764 854 763 853 378 294 763 853 379 297 379 297 763 853 380 298 402 855 399 855 765 855 765 856 399 856 752 856 766 857 767 858 424 365 424 365 425 367 766 857 766 857 425 367 426 368 766 857 426 368 768 859 426 368 423 363 768 859 768 859 423 363 422 362 768 859 422 362 769 860 422 362 421 360 769 860 769 860 421 360 420 359 769 860 420 359 770 861 420 359 419 357 770 861 770 861 419 357 418 356 770 861 418 356 771 862 418 356 417 354 771 862 771 862 417 354 416 353 771 862 416 353 772 863 416 353 415 351 772 863 772 863 415 351 414 350 772 863 414 350 773 864 773 864 414 350 413 348 773 864 413 348 774 865 413 348 412 347 774 865 774 865 412 347 411 345 774 865 411 345 775 866 411 345 410 344 775 866 775 866 410 344 409 342 775 866 409 342 776 867 409 342 408 341 776 867 776 867 408 341 407 339 776 867 407 339 777 868 407 339 406 338 777 868 777 868 406 338 405 336 777 868 405 336 778 869 402 331 765 870 403 332 403 332 765 870 778 869 403 332 778 869 404 335 404 335 778 869 405 336 767 871 764 871 424 871 424 872 764 872 377 872 779 873 605 874 780 875 780 875 605 874 601 876 780 875 601 876 781 877 781 877 601 876 602 878 781 877 602 878 782 879 782 879 602 878 603 880 782 879 603 880 783 881 783 881 603 880 604 882 783 881 604 882 784 883 784 883 604 882 617 884 784 883 617 884 785 885 785 885 617 884 616 886 785 885 616 886 786 887 786 887 616 886 615 888 786 887 615 888 787 889 787 889 615 888 614 890 787 889 614 890 788 891 788 891 614 890 613 892 788 891 613 892 789 893 789 893 613 892 590 894 789 893 590 894 790 895 790 895 590 894 588 896 790 895 588 896 791 897 791 897 588 896 587 898 791 897 587 898 792 899 792 899 587 898 582 900 792 899 582 900 793 901 793 901 582 900 584 902 793 901 584 902 794 903 794 903 584 902 586 904 794 903 586 904 795 905 795 905 586 904 597 906 795 905 597 906 796 907 796 907 597 906 595 908 796 907 595 908 797 909 797 909 595 908 594 910 797 909 594 910 798 911 798 911 594 910 593 912 798 911 593 912 799 913 799 913 593 912 592 914 799 913 592 914 800 915 800 915 592 914 608 916 800 915 608 916 801 917 801 917 608 916 607 918 801 917 607 918 802 919 802 919 607 918 606 920 802 919 606 920 779 873 779 873 606 920 605 874 803 921 453 922 804 923 804 923 453 922 481 876 804 923 481 876 805 877 805 877 481 876 480 924 805 877 480 924 806 925 806 925 480 924 479 926 806 925 479 926 807 927 807 927 479 926 478 928 807 927 478 928 808 929 808 929 478 928 477 930 808 929 477 930 809 931 809 931 477 930 467 932 809 931 467 932 810 933 810 933 467 932 466 934 810 933 466 934 811 935 811 935 466 934 465 936 811 935 465 936 812 937 812 937 465 936 470 892 812 937 470 892 813 893 813 893 470 892 471 894 813 893 471 894 814 895 814 895 471 894 476 938 814 895 476 938 815 897 815 897 476 938 482 939 815 897 482 939 816 940 816 940 482 939 475 941 816 940 475 941 817 942 817 942 475 941 473 943 817 942 473 943 818 944 818 944 473 943 472 945 818 944 472 945 819 946 819 946 472 945 463 947 819 946 463 947 820 948 820 948 463 947 461 949 820 948 461 949 821 950 821 950 461 949 460 951 821 950 460 951 822 952 822 952 460 951 455 953 822 952 455 953 823 954 823 954 455 953 457 955 823 954 457 955 824 956 824 956 457 955 459 957 824 956 459 957 825 958 825 958 459 957 469 959 825 958 469 959 826 960 826 960 469 959 454 961 826 960 454 961 803 921 803 921 454 961 453 922 827 962 700 963 828 964 828 964 700 963 704 965 828 964 704 965 829 966 829 966 704 965 702 967 829 966 702 967 830 968 830 968 702 967 701 969 830 968 701 969 831 970 831 970 701 969 726 971 831 970 726 971 832 972 832 972 726 971 715 973 832 972 715 973 833 974 833 974 715 973 714 975 833 974 714 975 834 976 834 976 714 975 713 934 834 976 713 934 835 935 835 935 713 934 711 936 835 935 711 936 836 977 836 977 711 936 710 978 836 977 710 978 837 979 837 979 710 978 709 980 837 979 709 980 838 981 838 981 709 980 708 982 838 981 708 982 839 983 839 983 708 982 707 984 839 983 707 984 840 985 840 985 707 984 706 986 840 985 706 986 841 987 841 987 706 986 723 988 841 987 723 988 842 989 842 989 723 988 724 945 842 989 724 945 843 946 843 946 724 945 721 947 843 946 721 947 844 948 844 948 721 947 720 949 844 948 720 949 845 950 845 950 720 949 719 990 845 950 719 990 846 991 846 991 719 990 718 992 846 991 718 992 847 993 847 993 718 992 717 994 847 993 717 994 848 995 848 995 717 994 716 996 848 995 716 996 849 997 849 997 716 996 696 998 849 997 696 998 850 999 850 999 696 998 698 1000 850 999 698 1000 827 962 827 962 698 1000 700 963 851 1001 659 1002 852 1003 852 1003 659 1002 658 1004 852 1003 658 1004 853 1005 853 1005 658 1004 657 1006 853 1005 657 1006 854 1007 854 1007 657 1006 656 880 854 1007 656 880 855 881 855 881 656 880 642 882 855 881 642 882 856 883 856 883 642 882 644 884 856 883 644 884 857 885 857 885 644 884 646 1008 857 885 646 1008 858 1009 858 1009 646 1008 650 1010 858 1009 650 1010 859 1011 859 1011 650 1010 640 1012 859 1011 640 1012 860 1013 860 1013 640 1012 639 1014 860 1013 639 1014 861 1015 861 1015 639 1014 674 1016 861 1015 674 1016 862 1017 862 1017 674 1016 655 1018 862 1017 655 1018 863 1019 863 1019 655 1018 654 1020 863 1019 654 1020 864 1021 864 1021 654 1020 671 986 864 1021 671 986 865 1022 865 1022 671 986 665 1023 865 1022 665 1023 866 1024 866 1024 665 1023 664 1025 866 1024 664 1025 867 1026 867 1026 664 1025 663 1027 867 1026 663 1027 868 1028 868 1028 663 1027 662 1029 868 1028 662 1029 869 1030 869 1030 662 1029 647 1031 869 1030 647 1031 870 1032 870 1032 647 1031 648 912 870 1032 648 912 871 913 871 913 648 912 649 1033 871 913 649 1033 872 1034 872 1034 649 1033 670 996 872 1034 670 996 873 997 873 997 670 996 661 998 873 997 661 998 874 999 874 999 661 998 660 1000 874 999 660 1000 851 1001 851 1001 660 1000 659 1002 609 696 622 695 630 1035 666 760 679 759 680 1036 436 381 435 380 442 1037 485 449 493 448 494 1038 875 1039 577 642 578 644 578 644 579 647 875 1039 875 1039 579 647 580 649 875 1039 580 649 581 651 581 651 510 484 439 1040 439 1040 510 484 511 486 439 1040 511 486 512 488 512 488 513 491 439 1040 439 1040 513 491 514 493 439 1040 514 493 515 496 555 1041 556 1041 876 1041 876 1042 556 592 557 594 876 1042 557 594 558 596 558 596 559 599 876 1042 876 1042 559 599 560 601 876 1042 560 601 561 604 561 604 562 606 876 1042 876 1042 562 606 563 608 876 1042 563 608 877 1043 563 608 564 610 877 1043 877 1043 564 610 565 612 877 1043 565 612 566 615 566 615 567 618 877 1043 877 1043 567 618 568 620 877 1043 568 620 569 622 569 622 570 625 877 1043 877 1043 570 625 571 627 877 1043 571 627 572 629 572 1044 573 1044 877 1044 877 1045 573 1045 574 1045 877 1043 574 635 878 1046 878 1046 574 635 575 637 878 1046 575 637 875 1039 875 1039 575 637 576 639 875 1039 576 639 577 642 540 555 541 558 443 1047 443 1047 541 558 542 560 546 569 547 571 879 1048 542 560 543 563 443 1047 443 1047 543 563 544 565 443 1047 544 565 545 567 547 571 548 573 879 1048 879 1048 548 573 549 576 879 1048 549 576 550 578 550 578 551 581 879 1048 879 1048 551 581 552 583 879 1048 552 583 880 1049 880 1049 552 583 553 585 880 1049 553 585 876 1042 876 1042 553 585 554 587 876 1050 554 1050 555 1050 515 496 516 498 439 1040 439 1040 516 498 517 500 439 1040 517 500 440 1051 440 1051 517 500 518 502 440 1052 518 1052 519 1052 519 1053 520 1053 440 1053 440 1051 520 507 521 509 440 1051 521 509 522 511 522 511 523 514 440 1051 440 1051 523 514 524 516 440 1051 524 516 525 519 525 519 526 521 440 1051 440 1051 526 521 527 523 440 1051 527 523 441 1054 527 523 528 525 441 1054 441 1054 528 525 529 529 441 1054 529 529 530 531 530 531 531 534 441 1054 441 1054 531 534 532 536 441 1054 532 536 533 538 533 538 534 541 441 1054 441 1054 534 541 535 543 441 1054 535 543 536 545 536 1055 537 1055 441 1055 441 1056 537 1056 538 1056 441 1054 538 551 443 1047 443 1047 538 551 539 553 443 1047 539 553 540 555 486 1057 485 449 881 1058 881 1058 882 1059 486 1057 486 1057 882 1059 883 1060 486 1057 883 1060 474 1061 883 1060 884 1062 474 1061 474 1061 884 1062 885 1063 474 1061 885 1063 462 1064 885 1063 886 1065 462 1064 462 1064 886 1065 887 1066 462 1064 887 1066 456 1067 456 1067 887 1066 888 1068 456 1067 888 1068 458 1069 458 1069 888 1068 889 1070 458 1069 889 1070 464 1071 889 1070 890 1072 464 1071 464 1071 890 1072 891 1073 464 1071 891 1073 468 1074 468 1074 891 1073 892 1075 468 1074 892 1075 448 402 448 402 892 1075 893 1076 712 1077 436 381 894 1078 894 1078 895 1079 712 1077 712 1077 895 1079 896 1080 712 1077 896 1080 705 1081 896 1080 897 1082 705 1081 705 1081 897 1082 898 1083 705 1081 898 1083 697 1084 697 1084 898 1083 899 1085 697 1084 899 1085 699 1086 699 1086 899 1085 900 1087 699 1086 900 1087 703 1088 703 1088 900 1087 901 1089 703 1088 901 1089 722 1090 722 1091 901 1091 902 1091 722 1090 902 1092 903 1093 904 1094 691 781 903 1093 903 1093 691 781 725 1095 903 1093 725 1095 722 1090 667 1096 666 760 905 1097 905 1097 906 1098 667 1096 667 1096 906 1098 907 1099 667 1096 907 1099 653 1100 907 1099 908 1101 653 1100 653 1100 908 1101 909 1102 653 1100 909 1102 643 1103 643 1103 909 1102 910 1104 643 1103 910 1104 645 1105 645 1105 910 1104 911 1106 645 1105 911 1106 641 1107 641 1107 911 1106 912 1108 641 1107 912 1108 672 1109 672 1109 912 1108 913 1110 672 1109 913 1110 914 1111 915 1112 634 717 914 1111 914 1111 634 717 673 1113 914 1111 673 1113 672 1109 610 1114 609 696 916 1115 916 1115 917 1116 610 1114 610 1114 917 1116 918 1117 610 1114 918 1117 600 1118 918 1119 919 1119 600 1119 600 1118 919 1120 920 1121 600 1118 920 1121 589 1122 920 1121 921 1123 589 1122 589 1122 921 1123 922 1124 589 1122 922 1124 583 1125 583 1125 922 1124 923 1126 583 1125 923 1126 585 1127 585 1127 923 1126 924 1128 585 1127 924 1128 591 1129 924 1128 925 1130 591 1129 591 1129 925 1130 926 1131 591 1129 926 1131 596 1132 596 1132 926 1131 927 1133 596 1132 927 1133 505 472 505 472 927 1133 928 1134 436 381 442 1037 894 1078 894 1078 442 1037 443 1047 894 1078 443 1047 879 1048 879 1048 443 1047 545 567 879 1048 545 567 546 569 581 651 439 1040 875 1039 875 1039 439 1040 438 1135 875 1039 438 1135 893 1076 893 1076 438 1135 437 403 893 1076 437 403 448 402 485 449 494 1038 881 1058 881 1058 494 1038 495 1136 881 1058 495 1136 929 1137 929 1137 495 1136 930 1138 930 1138 495 1136 496 1139 930 1138 496 1139 931 1140 931 1140 496 1139 932 1141 932 1141 496 1139 497 1142 932 1141 497 1142 933 1143 933 1143 497 1142 498 1144 933 1143 498 1144 934 1145 934 1145 498 1144 499 1146 934 1145 499 1146 928 1134 928 1134 499 1146 500 473 928 1134 500 473 505 472 609 696 630 1035 916 1115 916 1115 630 1035 629 1147 916 1115 629 1147 935 1148 935 1148 629 1147 628 1149 935 1148 628 1149 936 1150 936 1150 628 1149 937 1151 937 1151 628 1149 627 1152 937 1151 627 1152 938 1153 938 1153 627 1152 939 1154 939 1154 627 1152 626 1155 939 1154 626 1155 940 1156 940 1156 626 1155 625 1157 940 1156 625 1157 915 1112 915 1112 625 1157 624 718 915 1112 624 718 634 717 666 760 680 1036 905 1097 905 1097 680 1036 681 1158 905 1097 681 1158 941 1159 941 1159 681 1158 682 1160 941 1159 682 1160 942 1161 942 1161 682 1160 943 1162 943 1162 682 1160 683 1163 943 1162 683 1163 944 1164 944 1164 683 1163 945 1165 945 1165 683 1163 684 1166 945 1165 684 1166 946 1167 946 1167 684 1166 685 1168 946 1167 685 1168 904 1094 904 1094 685 1168 686 782 904 1094 686 782 691 781 929 38 930 38 947 38 840 1169 841 1169 948 1169 948 1170 841 1170 842 1170 834 1171 835 1171 949 1171 842 1172 843 1172 948 1172 948 1173 843 1173 844 1173 948 1174 844 1174 845 1174 949 1175 838 1175 839 1175 835 1176 836 1176 949 1176 949 1177 836 1177 837 1177 949 1178 837 1178 838 1178 848 38 898 38 847 38 847 38 898 38 897 38 847 38 897 38 846 38 846 1179 897 1179 896 1179 846 1180 896 1180 845 1180 848 38 849 38 898 38 898 1181 849 1181 850 1181 898 1182 850 1182 899 1182 899 1183 850 1183 827 1183 830 38 900 38 829 38 829 38 900 38 899 38 829 1184 899 1184 828 1184 828 1185 899 1185 827 1185 833 38 901 38 832 38 832 1186 901 1186 900 1186 832 1187 900 1187 831 1187 831 38 900 38 830 38 946 1188 904 1188 949 1188 949 38 904 38 903 38 833 38 834 38 901 38 901 38 834 38 949 38 901 1189 949 1189 902 1189 902 1190 949 1190 903 1190 731 1191 730 1191 950 1191 946 38 949 38 945 38 945 1192 949 1192 738 1192 945 1193 738 1193 737 1193 750 1194 749 1194 951 1194 951 1195 749 1195 748 1195 951 1196 748 1196 747 1196 730 38 729 38 950 38 950 1197 729 1197 728 1197 950 1198 728 1198 727 1198 747 38 746 38 951 38 951 1199 746 1199 745 1199 951 38 745 38 949 38 949 1200 745 1200 744 1200 744 38 743 38 949 38 949 1201 743 1201 742 1201 949 1202 742 1202 741 1202 741 38 740 38 949 38 949 1203 740 1203 739 1203 949 1204 739 1204 738 1204 737 38 736 38 945 38 945 38 736 38 735 38 945 38 735 38 944 38 944 1205 735 1205 734 1205 944 1206 734 1206 943 1206 943 1207 734 1207 733 1207 943 1208 733 1208 732 1208 907 1209 906 1209 950 1209 950 1210 906 1210 905 1210 950 38 905 38 941 38 732 38 731 38 943 38 943 1211 731 1211 950 1211 943 38 950 38 942 38 942 1212 950 1212 941 1212 855 38 856 38 909 38 864 38 865 38 952 38 860 38 911 38 859 38 859 1213 911 1213 910 1213 859 1184 910 1184 858 1184 865 38 866 38 952 38 952 1214 866 1214 867 1214 952 1215 867 1215 868 1215 909 1216 856 1216 910 1216 910 1217 856 1217 857 1217 910 1218 857 1218 858 1218 860 38 861 38 911 38 911 1219 861 1219 862 1219 911 38 862 38 912 38 912 1220 862 1220 863 1220 872 1221 873 1221 950 1221 868 38 869 38 952 38 952 38 869 38 870 38 952 38 870 38 950 38 950 1222 870 1222 871 1222 950 1223 871 1223 872 1223 873 1224 874 1224 950 1224 950 1225 874 1225 851 1225 950 38 851 38 907 38 907 1226 851 1226 852 1226 907 1227 852 1227 908 1227 908 1228 852 1228 853 1228 908 1229 853 1229 909 1229 909 38 853 38 854 38 909 1230 854 1230 855 1230 936 38 937 38 953 38 953 1231 937 1231 938 1231 953 1232 938 1232 952 1232 952 38 938 38 939 38 939 38 940 38 952 38 952 1233 940 1233 915 1233 952 1234 915 1234 914 1234 863 1235 864 1235 912 1235 912 1236 864 1236 952 1236 912 38 952 38 913 38 913 38 952 38 914 38 954 1237 919 1237 918 1237 918 1238 917 1238 954 1238 954 1239 917 1239 916 1239 954 1240 916 1240 935 1240 793 38 794 38 924 38 779 38 780 38 954 38 780 38 781 38 954 38 954 1241 781 1241 782 1241 954 1242 782 1242 783 1242 783 1243 784 1243 954 1243 954 38 784 38 785 38 954 1244 785 1244 919 1244 789 38 790 38 920 38 920 1245 790 1245 791 1245 920 1246 791 1246 792 1246 800 38 801 38 955 38 955 1247 801 1247 802 1247 785 1248 786 1248 919 1248 919 1249 786 1249 787 1249 919 1250 787 1250 920 1250 920 1251 787 1251 788 1251 920 1252 788 1252 789 1252 794 38 795 38 924 38 924 1253 795 1253 796 1253 924 38 796 38 925 38 925 1254 796 1254 797 1254 925 38 797 38 926 38 926 1255 797 1255 798 1255 926 38 798 38 955 38 955 38 798 38 799 38 955 1256 799 1256 800 1256 922 38 921 38 923 38 923 1257 921 1257 920 1257 923 38 920 38 924 38 924 38 920 38 792 38 924 1258 792 1258 793 1258 955 1259 933 1259 934 1259 934 1260 928 1260 955 1260 955 38 928 38 927 38 955 1261 927 1261 926 1261 930 1262 773 1262 774 1262 768 38 769 38 932 38 932 1263 769 1263 770 1263 932 1264 770 1264 931 1264 931 38 770 38 771 38 931 1265 771 1265 930 1265 930 1266 771 1266 772 1266 930 38 772 38 773 38 753 1267 754 1267 947 1267 955 1268 762 1268 763 1268 753 1269 947 1269 751 1269 755 38 756 38 956 38 956 1270 756 1270 757 1270 956 1271 757 1271 758 1271 758 38 759 38 956 38 956 38 759 38 760 38 956 1272 760 1272 955 1272 955 1273 760 1273 761 1273 955 1274 761 1274 762 1274 933 1275 955 1275 932 1275 932 38 955 38 766 38 932 1276 766 1276 768 1276 774 38 775 38 930 38 930 1277 775 1277 776 1277 930 38 776 38 947 38 947 1278 776 1278 777 1278 947 1279 777 1279 778 1279 763 38 764 38 955 38 955 38 764 38 767 38 955 1280 767 1280 766 1280 778 1281 765 1281 947 1281 947 38 765 38 752 38 947 1282 752 1282 751 1282 883 1283 882 1283 947 1283 947 38 882 38 881 38 947 1284 881 1284 929 1284 818 38 885 38 817 38 817 38 885 38 884 38 817 38 884 38 816 38 818 38 819 38 885 38 885 1285 819 1285 820 1285 885 1286 820 1286 821 1286 823 1287 824 1287 889 1287 823 38 889 38 822 38 883 38 947 38 884 38 884 38 947 38 815 38 884 1288 815 1288 816 1288 812 38 813 38 947 38 947 1289 813 1289 814 1289 947 38 814 38 815 38 808 38 957 38 807 38 807 38 957 38 806 38 824 1290 825 1290 889 1290 889 1291 825 1291 826 1291 889 1292 826 1292 890 1292 890 1293 826 1293 803 1293 890 38 803 38 891 38 891 1294 803 1294 804 1294 891 1295 804 1295 957 1295 957 1296 804 1296 805 1296 957 1297 805 1297 806 1297 808 38 809 38 957 38 957 1298 809 1298 810 1298 957 1299 810 1299 947 1299 947 38 810 38 811 38 947 1300 811 1300 812 1300 889 38 888 38 887 38 821 38 822 38 885 38 885 38 822 38 889 38 885 1301 889 1301 886 1301 886 1302 889 1302 887 1302 877 1303 878 1303 957 1303 957 1304 878 1304 875 1304 875 1305 893 1305 957 1305 957 38 893 38 892 38 957 1306 892 1306 891 1306 876 1307 958 1307 880 1307 880 1308 958 1308 948 1308 880 38 948 38 879 38 879 38 948 38 894 38 845 1309 896 1309 948 1309 948 1310 896 1310 895 1310 948 1311 895 1311 894 1311 754 38 755 38 947 38 947 38 755 38 956 38 947 1312 956 1312 957 1312 957 1313 956 1313 958 1313 957 1314 958 1314 877 1314 877 1315 958 1315 876 1315 802 38 779 38 955 38 955 1316 779 1316 954 1316 955 1317 954 1317 956 1317 956 1318 954 1318 959 1318 956 38 959 38 958 38 958 1319 959 1319 951 1319 958 1320 951 1320 948 1320 948 1321 951 1321 949 1321 948 38 949 38 840 38 840 1322 949 1322 839 1322 935 1323 936 1323 954 1323 954 1324 936 1324 953 1324 954 1325 953 1325 959 1325 959 1326 953 1326 952 1326 959 1327 952 1327 951 1327 951 38 952 38 950 38 951 38 950 38 750 38 750 38 950 38 727 38</p>
        </triangles>
        <triangles material="Scheibe-material" count="137">
          <input semantic="VERTEX" source="#ActorShape0_0-Mesh_021-mesh-vertices" offset="0"/>
          <input semantic="NORMAL" source="#ActorShape0_0-Mesh_021-mesh-normals" offset="1"/>
          <p>0 1328 1 1328 2 1328 3 1329 4 1329 5 1329 5 1330 4 1330 6 1330 7 1331 8 1331 9 1331 0 1332 10 1332 1 1332 1 1333 10 1333 11 1333 1 1334 11 1334 12 1334 8 1335 7 1335 5 1335 5 1336 7 1336 13 1336 5 1337 13 1337 3 1337 2 1338 14 1338 0 1338 0 1339 14 1339 7 1339 0 1340 7 1340 15 1340 15 1341 7 1341 9 1341 6 1342 16 1342 5 1342 5 1343 16 1343 17 1343 5 1344 17 1344 18 1344 12 1345 19 1345 1 1345 1 1346 19 1346 20 1346 1 1347 20 1347 21 1347 21 1348 20 1348 22 1348 21 1349 22 1349 23 1349 144 515 145 513 17 1350 146 487 9 1351 147 489 147 489 9 1351 8 1352 147 489 8 1352 148 490 148 490 8 1352 149 492 150 499 5 1353 151 501 151 501 5 1353 18 1354 151 501 18 1354 152 503 150 499 153 497 5 1353 5 1353 153 497 154 495 5 1353 154 495 8 1352 8 1352 154 495 155 494 8 1352 155 494 149 492 156 510 157 508 18 1354 18 1354 157 508 158 506 18 1355 158 1355 152 1355 17 1350 145 513 18 1354 18 1354 145 513 159 512 18 1354 159 512 156 510 160 522 161 520 16 1356 16 1356 161 520 162 518 16 1356 162 518 17 1350 17 1350 162 518 163 517 17 1350 163 517 144 515 164 532 165 530 4 1357 4 1357 165 530 166 528 4 1357 166 528 6 1358 6 1359 166 1359 167 1359 6 1358 167 526 16 1356 16 1356 167 526 168 524 16 1356 168 524 160 522 169 539 170 537 3 1360 3 1360 170 537 171 535 3 1360 171 535 4 1357 4 1357 171 535 172 533 4 1357 172 533 164 532 13 1361 173 1361 174 1361 174 546 175 544 13 1362 13 1362 175 544 176 542 13 1362 176 542 3 1360 3 1360 176 542 177 540 3 1360 177 540 169 539 178 557 179 556 7 1363 7 1363 179 556 180 554 7 1363 180 554 13 1362 13 1362 180 554 181 552 13 1364 181 1364 173 1364 178 557 7 1363 182 559 182 559 7 1363 14 1365 182 559 14 1365 183 561 2 1366 184 570 185 568 185 568 186 566 2 1366 2 1366 186 566 187 564 2 1366 187 564 14 1365 14 1365 187 564 188 562 14 1365 188 562 183 561 189 577 190 575 1 1367 1 1367 190 575 191 574 1 1367 191 574 2 1366 2 1366 191 574 192 572 2 1366 192 572 184 570 193 584 21 1368 194 586 194 586 21 1368 23 1369 193 584 195 582 21 1368 21 1368 195 582 196 580 21 1368 196 580 1 1367 1 1367 196 580 197 579 1 1367 197 579 189 577 198 595 199 593 23 1369 199 593 200 591 23 1369 23 1370 200 1370 201 1370 23 1369 201 588 194 586 20 1371 202 603 22 1372 22 1372 202 603 203 602 203 602 204 600 22 1372 22 1372 204 600 205 598 22 1372 205 598 23 1369 23 1369 205 598 206 597 23 1369 206 597 198 595 207 611 208 609 20 1371 208 609 209 607 20 1371 20 1371 209 607 210 605 20 1371 210 605 202 603 207 611 20 1371 211 613 211 613 20 1371 19 1373 211 613 19 1373 212 614 212 614 19 1373 12 1374 212 614 12 1374 213 616 214 623 215 621 11 1375 11 1375 215 621 216 619 11 1375 216 619 12 1374 12 1374 216 619 217 617 12 1374 217 617 213 616 10 1376 218 1376 219 1376 219 630 220 628 10 1377 10 1377 220 628 221 626 10 1377 221 626 11 1375 11 1375 221 626 222 624 11 1375 222 624 214 623 223 641 224 640 0 1378 0 1378 224 640 225 638 0 1378 225 638 10 1377 10 1377 225 638 226 636 10 1379 226 1379 218 1379 223 641 0 1378 227 643 227 643 0 1378 15 1380 227 643 15 1380 228 645 146 487 229 485 9 1351 9 1381 229 1381 230 1381 9 1351 230 653 231 652 231 652 232 650 9 1351 9 1351 232 650 233 648 9 1351 233 648 15 1380 15 1380 233 648 234 646 15 1380 234 646 228 645</p>
        </triangles>
      </mesh>
    </geometry>
  </library_geometries>
  <library_visual_scenes>
    <visual_scene id="Scene" name="Scene">
      <node id="Actor0" name="Actor0" type="NODE">
        <matrix sid="transform">1 0 0 0 0 1 0 0 0 0 1 0 0 0 0 1</matrix>
        <instance_geometry url="#ActorShape0_0-Mesh_021-mesh" name="Actor0">
          <bind_material>
            <technique_common>
              <instance_material symbol="Rohr_006-material" target="#Rohr_006-material"/>
              <instance_material symbol="Scheibe-material" target="#Scheibe-material"/>
            </technique_common>
          </bind_material>
        </instance_geometry>
      </node>
    </visual_scene>
  </library_visual_scenes>
  <scene>
    <instance_visual_scene url="#Scene"/>
  </scene>
</COLLADA>